Lectin ID,Lectin name,Lectin link,Uniprot ID,Uniprot link,N/S
172,17 kDa protein,https://sugarbind.expasy.org/lectins/172,,,0
141,18 kDa protein,https://sugarbind.expasy.org/lectins/141,,,0
712,18 kDa protein,https://sugarbind.expasy.org/lectins/712,,,0
179,20-kDa subunits,https://sugarbind.expasy.org/lectins/179,,,0
60,22-kDa protein,https://sugarbind.expasy.org/lectins/60,,,0
108,50 kDa C-terminal fragment,https://sugarbind.expasy.org/lectins/108,P04958,https://www.uniprot.org/uniprot/P04958,0
109,50 kDa N-terminal fragment,https://sugarbind.expasy.org/lectins/109,P04958,https://www.uniprot.org/uniprot/P04958,0
580,68-kDa protein,https://sugarbind.expasy.org/lectins/580,,,0
104,B subunit,https://sugarbind.expasy.org/lectins/104,,,0
628,B subunit,https://sugarbind.expasy.org/lectins/628,,,0
669,B subunit,https://sugarbind.expasy.org/lectins/669,,,0
724,B subunit,https://sugarbind.expasy.org/lectins/724,,,0
670,B subunit,https://sugarbind.expasy.org/lectins/670,,,0
583,BAEBL,https://sugarbind.expasy.org/lectins/583,,,0
68,BOA,https://sugarbind.expasy.org/lectins/68,R4GRU1,https://www.uniprot.org/uniprot/R4GRU1,0
331,BabA,https://sugarbind.expasy.org/lectins/331,,,0
336,BabA,https://sugarbind.expasy.org/lectins/336,,,0
318,BabA,https://sugarbind.expasy.org/lectins/318,,,0
743,BclA,https://sugarbind.expasy.org/lectins/743,B4EH87,https://www.uniprot.org/uniprot/B4EH87,0
178,CS3,https://sugarbind.expasy.org/lectins/178,,,0
753,Capsid protein,https://sugarbind.expasy.org/lectins/753,Q54AD6,https://www.uniprot.org/uniprot/Q54AD6,0
749,Capsid protein VP1,https://sugarbind.expasy.org/lectins/749,P03089,https://www.uniprot.org/uniprot/P03089,0
748,Capsid protein VP1,https://sugarbind.expasy.org/lectins/748,E9NQ90,https://www.uniprot.org/uniprot/E9NQ90,0
196,CfaB,https://sugarbind.expasy.org/lectins/196,,,0
148,Class I G,https://sugarbind.expasy.org/lectins/148,,,0
146,Class I PapG,https://sugarbind.expasy.org/lectins/146,,,0
235,"Class II G, PapG",https://sugarbind.expasy.org/lectins/235,,,0
142,Class II Pap,https://sugarbind.expasy.org/lectins/142,,,0
143,Class II Pap,https://sugarbind.expasy.org/lectins/143,,,0
150,Class II Pap,https://sugarbind.expasy.org/lectins/150,,,0
236,"Class III G, PrsG",https://sugarbind.expasy.org/lectins/236,,,0
147,Class III PrsG,https://sugarbind.expasy.org/lectins/147,,,0
582,EBA-175,https://sugarbind.expasy.org/lectins/582,,,0
584,EBP2,https://sugarbind.expasy.org/lectins/584,,,0
617,Exoenzyme S,https://sugarbind.expasy.org/lectins/617,,,0
615,Exoenzyme S,https://sugarbind.expasy.org/lectins/615,,,0
195,F17a-G fimbrial adhesin,https://sugarbind.expasy.org/lectins/195,Q99003,https://www.uniprot.org/uniprot/Q99003,0
47,FHA,https://sugarbind.expasy.org/lectins/47,Q8VV99,https://www.uniprot.org/uniprot/Q8VV99,0
220,FaeG,https://sugarbind.expasy.org/lectins/220,,,0
747,FedF,https://sugarbind.expasy.org/lectins/747,Q47212,https://www.uniprot.org/uniprot/Q47212,0
746,FedF,https://sugarbind.expasy.org/lectins/746,Q47212,https://www.uniprot.org/uniprot/Q47212,0
126,FedF,https://sugarbind.expasy.org/lectins/126,Q47212,https://www.uniprot.org/uniprot/Q47212,0
752,Fiber,https://sugarbind.expasy.org/lectins/752,Q64822,https://www.uniprot.org/uniprot/Q64822,0
751,Fiber,https://sugarbind.expasy.org/lectins/751,Q64823,https://www.uniprot.org/uniprot/Q64823,0
187,FimH,https://sugarbind.expasy.org/lectins/187,P08191,https://www.uniprot.org/uniprot/P08191,0
648,FimH,https://sugarbind.expasy.org/lectins/648,,,0
199,FimH,https://sugarbind.expasy.org/lectins/199,,,0
484,FimH,https://sugarbind.expasy.org/lectins/484,,,0
184,FimH,https://sugarbind.expasy.org/lectins/184,,,0
183,FimH,https://sugarbind.expasy.org/lectins/183,,,0
238,FocH,https://sugarbind.expasy.org/lectins/238,,,0
144,GafD,https://sugarbind.expasy.org/lectins/144,Q47341,https://www.uniprot.org/uniprot/Q47341,0
360,Gp120,https://sugarbind.expasy.org/lectins/360,P18799,https://www.uniprot.org/uniprot/P18799,0
689,GspB,https://sugarbind.expasy.org/lectins/689,,,0
392,H1,https://sugarbind.expasy.org/lectins/392,,,0
391,H1,https://sugarbind.expasy.org/lectins/391,J9UPN1,https://www.uniprot.org/uniprot/J9UPN1,0
389,H1,https://sugarbind.expasy.org/lectins/389,,,0
374,H1,https://sugarbind.expasy.org/lectins/374,Q9WFX3,https://www.uniprot.org/uniprot/Q9WFX3,0
393,H1,https://sugarbind.expasy.org/lectins/393,A7L6B8,https://www.uniprot.org/uniprot/A7L6B8,0
390,H10,https://sugarbind.expasy.org/lectins/390,,,0
375,H10,https://sugarbind.expasy.org/lectins/375,,,0
395,H2,https://sugarbind.expasy.org/lectins/395,Q20Q42,https://www.uniprot.org/uniprot/Q20Q42,0
397,H2,https://sugarbind.expasy.org/lectins/397,I1Z3V0,https://www.uniprot.org/uniprot/I1Z3V0,0
396,H2,https://sugarbind.expasy.org/lectins/396,I1Z3V0,https://www.uniprot.org/uniprot/I1Z3V0,0
394,H2,https://sugarbind.expasy.org/lectins/394,,,0
400,H3,https://sugarbind.expasy.org/lectins/400,D1LNN7,https://www.uniprot.org/uniprot/D1LNN7,0
399,H3,https://sugarbind.expasy.org/lectins/399,,,0
398,H3,https://sugarbind.expasy.org/lectins/398,P12585,https://www.uniprot.org/uniprot/P12585,0
414,H3,https://sugarbind.expasy.org/lectins/414,F8VAV2,https://www.uniprot.org/uniprot/F8VAV2,0
410,H3,https://sugarbind.expasy.org/lectins/410,,,0
415,H3,https://sugarbind.expasy.org/lectins/415,Q3I3Q8,https://www.uniprot.org/uniprot/Q3I3Q8,0
411,H3,https://sugarbind.expasy.org/lectins/411,,,0
412,H3,https://sugarbind.expasy.org/lectins/412,Q3I3R0,https://www.uniprot.org/uniprot/Q3I3R0,0
413,H3,https://sugarbind.expasy.org/lectins/413,,,0
402,H3,https://sugarbind.expasy.org/lectins/402,Q20MD6,https://www.uniprot.org/uniprot/Q20MD6,0
409,H3,https://sugarbind.expasy.org/lectins/409,,,0
401,H3,https://sugarbind.expasy.org/lectins/401,Q20MD6,https://www.uniprot.org/uniprot/Q20MD6,0
418,H4,https://sugarbind.expasy.org/lectins/418,,,0
416,H4,https://sugarbind.expasy.org/lectins/416,,,0
417,H4,https://sugarbind.expasy.org/lectins/417,,,0
437,H5,https://sugarbind.expasy.org/lectins/437,A5A5N1,https://www.uniprot.org/uniprot/A5A5N1,0
438,H5,https://sugarbind.expasy.org/lectins/438,Q6DQ34,https://www.uniprot.org/uniprot/Q6DQ34,0
439,H5,https://sugarbind.expasy.org/lectins/439,A8UDQ2,https://www.uniprot.org/uniprot/A8UDQ2,0
440,H5,https://sugarbind.expasy.org/lectins/440,D1MKB4,https://www.uniprot.org/uniprot/D1MKB4,0
434,H5,https://sugarbind.expasy.org/lectins/434,Q9WDF8,https://www.uniprot.org/uniprot/Q9WDF8,0
433,H5,https://sugarbind.expasy.org/lectins/433,Q9WDF1,https://www.uniprot.org/uniprot/Q9WDF1,0
432,H5,https://sugarbind.expasy.org/lectins/432,D1LN00,https://www.uniprot.org/uniprot/D1LN00,0
431,H5,https://sugarbind.expasy.org/lectins/431,Q4H2E2,https://www.uniprot.org/uniprot/Q4H2E2,0
430,H5,https://sugarbind.expasy.org/lectins/430,,,0
429,H5,https://sugarbind.expasy.org/lectins/429,D1LN20,https://www.uniprot.org/uniprot/D1LN20,0
428,H5,https://sugarbind.expasy.org/lectins/428,A5A5M2,https://www.uniprot.org/uniprot/A5A5M2,0
441,H5,https://sugarbind.expasy.org/lectins/441,,,0
427,H5,https://sugarbind.expasy.org/lectins/427,D1LPA6,https://www.uniprot.org/uniprot/D1LPA6,0
426,H5,https://sugarbind.expasy.org/lectins/426,,,0
425,H5,https://sugarbind.expasy.org/lectins/425,,,0
424,H5,https://sugarbind.expasy.org/lectins/424,,,0
423,H5,https://sugarbind.expasy.org/lectins/423,,,0
422,H5,https://sugarbind.expasy.org/lectins/422,A5A5N6,https://www.uniprot.org/uniprot/A5A5N6,0
442,H5,https://sugarbind.expasy.org/lectins/442,,,0
421,H5,https://sugarbind.expasy.org/lectins/421,Q5DLA9,https://www.uniprot.org/uniprot/Q5DLA9,0
443,H5,https://sugarbind.expasy.org/lectins/443,Q7TEA2,https://www.uniprot.org/uniprot/Q7TEA2,0
444,H5,https://sugarbind.expasy.org/lectins/444,,,0
445,H5,https://sugarbind.expasy.org/lectins/445,B5SNA6,https://www.uniprot.org/uniprot/B5SNA6,0
446,H5,https://sugarbind.expasy.org/lectins/446,B4ZHQ0,https://www.uniprot.org/uniprot/B4ZHQ0,0
447,H5,https://sugarbind.expasy.org/lectins/447,I4EPC9,https://www.uniprot.org/uniprot/I4EPC9,0
448,H5,https://sugarbind.expasy.org/lectins/448,B4ZH27,https://www.uniprot.org/uniprot/B4ZH27,0
420,H5,https://sugarbind.expasy.org/lectins/420,O89746,https://www.uniprot.org/uniprot/O89746,0
435,H5,https://sugarbind.expasy.org/lectins/435,,,0
436,H5,https://sugarbind.expasy.org/lectins/436,,,0
449,H6,https://sugarbind.expasy.org/lectins/449,Q9IGN9,https://www.uniprot.org/uniprot/Q9IGN9,0
450,H6,https://sugarbind.expasy.org/lectins/450,B5STW4,https://www.uniprot.org/uniprot/B5STW4,0
451,H6,https://sugarbind.expasy.org/lectins/451,A3KF31,https://www.uniprot.org/uniprot/A3KF31,0
452,H6,https://sugarbind.expasy.org/lectins/452,P03448,https://www.uniprot.org/uniprot/P03448,0
453,H6,https://sugarbind.expasy.org/lectins/453,Q2Y1R6,https://www.uniprot.org/uniprot/Q2Y1R6,0
454,H7,https://sugarbind.expasy.org/lectins/454,,,0
458,H7,https://sugarbind.expasy.org/lectins/458,,,0
457,H7,https://sugarbind.expasy.org/lectins/457,B2LVD7,https://www.uniprot.org/uniprot/B2LVD7,0
461,H7,https://sugarbind.expasy.org/lectins/461,,,0
456,H7,https://sugarbind.expasy.org/lectins/456,,,0
459,H7,https://sugarbind.expasy.org/lectins/459,Q6VMK1,https://www.uniprot.org/uniprot/Q6VMK1,0
460,H7,https://sugarbind.expasy.org/lectins/460,,,0
455,H7,https://sugarbind.expasy.org/lectins/455,,,0
472,H9,https://sugarbind.expasy.org/lectins/472,,,0
473,H9,https://sugarbind.expasy.org/lectins/473,Q9Q0I5,https://www.uniprot.org/uniprot/Q9Q0I5,0
474,H9,https://sugarbind.expasy.org/lectins/474,Q8QZ86,https://www.uniprot.org/uniprot/Q8QZ86,0
475,H9,https://sugarbind.expasy.org/lectins/475,Q9PZG1,https://www.uniprot.org/uniprot/Q9PZG1,0
476,H9,https://sugarbind.expasy.org/lectins/476,P03457,https://www.uniprot.org/uniprot/P03457,0
467,H9,https://sugarbind.expasy.org/lectins/467,Q9Q0I7,https://www.uniprot.org/uniprot/Q9Q0I7,0
466,H9,https://sugarbind.expasy.org/lectins/466,,,0
465,H9,https://sugarbind.expasy.org/lectins/465,Q9Q0I0,https://www.uniprot.org/uniprot/Q9Q0I0,0
464,H9,https://sugarbind.expasy.org/lectins/464,,,0
468,H9,https://sugarbind.expasy.org/lectins/468,A4D838,https://www.uniprot.org/uniprot/A4D838,0
469,H9,https://sugarbind.expasy.org/lectins/469,,,0
470,H9,https://sugarbind.expasy.org/lectins/470,Q9ICY5,https://www.uniprot.org/uniprot/Q9ICY5,0
471,H9,https://sugarbind.expasy.org/lectins/471,Q2XVM0,https://www.uniprot.org/uniprot/Q2XVM0,0
463,H9,https://sugarbind.expasy.org/lectins/463,T1RT42,https://www.uniprot.org/uniprot/T1RT42,0
462,H9,https://sugarbind.expasy.org/lectins/462,Q9DRM9,https://www.uniprot.org/uniprot/Q9DRM9,0
96,HA1,https://sugarbind.expasy.org/lectins/96,P46084,https://www.uniprot.org/uniprot/P46084,0
99,HA1,https://sugarbind.expasy.org/lectins/99,P46084,https://www.uniprot.org/uniprot/P46084,0
98,HA1,https://sugarbind.expasy.org/lectins/98,P46084,https://www.uniprot.org/uniprot/P46084,0
95,HA1,https://sugarbind.expasy.org/lectins/95,P46084,https://www.uniprot.org/uniprot/P46084,0
97,HA1,https://sugarbind.expasy.org/lectins/97,P46084,https://www.uniprot.org/uniprot/P46084,0
94,HA3b,https://sugarbind.expasy.org/lectins/94,Q33CP8,https://www.uniprot.org/uniprot/Q33CP8,0
122,Heavy (170-kDa) subunit,https://sugarbind.expasy.org/lectins/122,,,0
371,Hemagglutinin,https://sugarbind.expasy.org/lectins/371,P03462,https://www.uniprot.org/uniprot/P03462,0
124,Hgl; Lgl,https://sugarbind.expasy.org/lectins/124,,,0
287,HifE,https://sugarbind.expasy.org/lectins/287,,,0
337,HpaA,https://sugarbind.expasy.org/lectins/337,,,0
686,Hsa,https://sugarbind.expasy.org/lectins/686,A8AWU7,https://www.uniprot.org/uniprot/A8AWU7,0
189,K1,https://sugarbind.expasy.org/lectins/189,,,0
217,K88ab,https://sugarbind.expasy.org/lectins/217,,,0
218,K88ac,https://sugarbind.expasy.org/lectins/218,,,0
219,K88ad,https://sugarbind.expasy.org/lectins/219,,,0
123,Light (35- or 31-kDa) subunit,https://sugarbind.expasy.org/lectins/123,,,0
722,MSHA,https://sugarbind.expasy.org/lectins/722,G7TUK8,https://www.uniprot.org/uniprot/G7TUK8,0
605,MrpH,https://sugarbind.expasy.org/lectins/605,Q9R6Q8,https://www.uniprot.org/uniprot/Q9R6Q8,0
250,N/S,https://sugarbind.expasy.org/lectins/250,,,1
251,N/S,https://sugarbind.expasy.org/lectins/251,,,1
252,N/S,https://sugarbind.expasy.org/lectins/252,,,1
253,N/S,https://sugarbind.expasy.org/lectins/253,,,1
254,N/S,https://sugarbind.expasy.org/lectins/254,,,1
255,N/S,https://sugarbind.expasy.org/lectins/255,,,1
256,N/S,https://sugarbind.expasy.org/lectins/256,,,1
257,N/S,https://sugarbind.expasy.org/lectins/257,,,1
258,N/S,https://sugarbind.expasy.org/lectins/258,,,1
259,N/S,https://sugarbind.expasy.org/lectins/259,,,1
260,N/S,https://sugarbind.expasy.org/lectins/260,,,1
261,N/S,https://sugarbind.expasy.org/lectins/261,,,1
262,N/S,https://sugarbind.expasy.org/lectins/262,,,1
263,N/S,https://sugarbind.expasy.org/lectins/263,,,1
264,N/S,https://sugarbind.expasy.org/lectins/264,,,1
265,N/S,https://sugarbind.expasy.org/lectins/265,,,1
266,N/S,https://sugarbind.expasy.org/lectins/266,,,1
267,N/S,https://sugarbind.expasy.org/lectins/267,,,1
268,N/S,https://sugarbind.expasy.org/lectins/268,,,1
269,N/S,https://sugarbind.expasy.org/lectins/269,,,1
270,N/S,https://sugarbind.expasy.org/lectins/270,,,1
271,N/S,https://sugarbind.expasy.org/lectins/271,,,1
272,N/S,https://sugarbind.expasy.org/lectins/272,,,1
273,N/S,https://sugarbind.expasy.org/lectins/273,,,1
274,N/S,https://sugarbind.expasy.org/lectins/274,,,1
275,N/S,https://sugarbind.expasy.org/lectins/275,,,1
276,N/S,https://sugarbind.expasy.org/lectins/276,,,1
277,N/S,https://sugarbind.expasy.org/lectins/277,,,1
278,N/S,https://sugarbind.expasy.org/lectins/278,,,1
279,N/S,https://sugarbind.expasy.org/lectins/279,,,1
280,N/S,https://sugarbind.expasy.org/lectins/280,,,1
281,N/S,https://sugarbind.expasy.org/lectins/281,,,1
282,N/S,https://sugarbind.expasy.org/lectins/282,,,1
283,N/S,https://sugarbind.expasy.org/lectins/283,,,1
284,N/S,https://sugarbind.expasy.org/lectins/284,,,1
285,N/S,https://sugarbind.expasy.org/lectins/285,,,1
286,N/S,https://sugarbind.expasy.org/lectins/286,,,1
288,N/S,https://sugarbind.expasy.org/lectins/288,,,1
289,N/S,https://sugarbind.expasy.org/lectins/289,,,1
290,N/S,https://sugarbind.expasy.org/lectins/290,,,1
291,N/S,https://sugarbind.expasy.org/lectins/291,,,1
292,N/S,https://sugarbind.expasy.org/lectins/292,,,1
293,N/S,https://sugarbind.expasy.org/lectins/293,,,1
294,N/S,https://sugarbind.expasy.org/lectins/294,,,1
295,N/S,https://sugarbind.expasy.org/lectins/295,,,1
296,N/S,https://sugarbind.expasy.org/lectins/296,,,1
297,N/S,https://sugarbind.expasy.org/lectins/297,,,1
298,N/S,https://sugarbind.expasy.org/lectins/298,,,1
299,N/S,https://sugarbind.expasy.org/lectins/299,,,1
300,N/S,https://sugarbind.expasy.org/lectins/300,,,1
301,N/S,https://sugarbind.expasy.org/lectins/301,,,1
302,N/S,https://sugarbind.expasy.org/lectins/302,,,1
303,N/S,https://sugarbind.expasy.org/lectins/303,,,1
304,N/S,https://sugarbind.expasy.org/lectins/304,,,1
305,N/S,https://sugarbind.expasy.org/lectins/305,,,1
306,N/S,https://sugarbind.expasy.org/lectins/306,,,1
307,N/S,https://sugarbind.expasy.org/lectins/307,,,1
308,N/S,https://sugarbind.expasy.org/lectins/308,,,1
309,N/S,https://sugarbind.expasy.org/lectins/309,,,1
310,N/S,https://sugarbind.expasy.org/lectins/310,,,1
311,N/S,https://sugarbind.expasy.org/lectins/311,,,1
312,N/S,https://sugarbind.expasy.org/lectins/312,,,1
313,N/S,https://sugarbind.expasy.org/lectins/313,,,1
314,N/S,https://sugarbind.expasy.org/lectins/314,,,1
315,N/S,https://sugarbind.expasy.org/lectins/315,,,1
316,N/S,https://sugarbind.expasy.org/lectins/316,,,1
317,N/S,https://sugarbind.expasy.org/lectins/317,,,1
319,N/S,https://sugarbind.expasy.org/lectins/319,,,1
320,N/S,https://sugarbind.expasy.org/lectins/320,,,1
321,N/S,https://sugarbind.expasy.org/lectins/321,,,1
322,N/S,https://sugarbind.expasy.org/lectins/322,,,1
324,N/S,https://sugarbind.expasy.org/lectins/324,,,1
325,N/S,https://sugarbind.expasy.org/lectins/325,,,1
326,N/S,https://sugarbind.expasy.org/lectins/326,,,1
327,N/S,https://sugarbind.expasy.org/lectins/327,,,1
328,N/S,https://sugarbind.expasy.org/lectins/328,,,1
329,N/S,https://sugarbind.expasy.org/lectins/329,,,1
333,N/S,https://sugarbind.expasy.org/lectins/333,,,1
334,N/S,https://sugarbind.expasy.org/lectins/334,,,1
335,N/S,https://sugarbind.expasy.org/lectins/335,,,1
338,N/S,https://sugarbind.expasy.org/lectins/338,,,1
339,N/S,https://sugarbind.expasy.org/lectins/339,,,1
340,N/S,https://sugarbind.expasy.org/lectins/340,,,1
341,N/S,https://sugarbind.expasy.org/lectins/341,,,1
342,N/S,https://sugarbind.expasy.org/lectins/342,,,1
343,N/S,https://sugarbind.expasy.org/lectins/343,,,1
344,N/S,https://sugarbind.expasy.org/lectins/344,,,1
345,N/S,https://sugarbind.expasy.org/lectins/345,,,1
346,N/S,https://sugarbind.expasy.org/lectins/346,,,1
347,N/S,https://sugarbind.expasy.org/lectins/347,,,1
348,N/S,https://sugarbind.expasy.org/lectins/348,,,1
349,N/S,https://sugarbind.expasy.org/lectins/349,,,1
350,N/S,https://sugarbind.expasy.org/lectins/350,,,1
351,N/S,https://sugarbind.expasy.org/lectins/351,,,1
352,N/S,https://sugarbind.expasy.org/lectins/352,,,1
353,N/S,https://sugarbind.expasy.org/lectins/353,,,1
354,N/S,https://sugarbind.expasy.org/lectins/354,,,1
355,N/S,https://sugarbind.expasy.org/lectins/355,,,1
356,N/S,https://sugarbind.expasy.org/lectins/356,,,1
357,N/S,https://sugarbind.expasy.org/lectins/357,,,1
358,N/S,https://sugarbind.expasy.org/lectins/358,,,1
361,N/S,https://sugarbind.expasy.org/lectins/361,,,1
362,N/S,https://sugarbind.expasy.org/lectins/362,,,1
363,N/S,https://sugarbind.expasy.org/lectins/363,,,1
364,N/S,https://sugarbind.expasy.org/lectins/364,,,1
365,N/S,https://sugarbind.expasy.org/lectins/365,,,1
366,N/S,https://sugarbind.expasy.org/lectins/366,,,1
367,N/S,https://sugarbind.expasy.org/lectins/367,,,1
368,N/S,https://sugarbind.expasy.org/lectins/368,,,1
369,N/S,https://sugarbind.expasy.org/lectins/369,,,1
370,N/S,https://sugarbind.expasy.org/lectins/370,,,1
373,N/S,https://sugarbind.expasy.org/lectins/373,,,1
376,N/S,https://sugarbind.expasy.org/lectins/376,,,1
377,N/S,https://sugarbind.expasy.org/lectins/377,,,1
378,N/S,https://sugarbind.expasy.org/lectins/378,,,1
379,N/S,https://sugarbind.expasy.org/lectins/379,,,1
380,N/S,https://sugarbind.expasy.org/lectins/380,,,1
381,N/S,https://sugarbind.expasy.org/lectins/381,,,1
382,N/S,https://sugarbind.expasy.org/lectins/382,,,1
383,N/S,https://sugarbind.expasy.org/lectins/383,,,1
384,N/S,https://sugarbind.expasy.org/lectins/384,,,1
385,N/S,https://sugarbind.expasy.org/lectins/385,,,1
386,N/S,https://sugarbind.expasy.org/lectins/386,,,1
387,N/S,https://sugarbind.expasy.org/lectins/387,,,1
388,N/S,https://sugarbind.expasy.org/lectins/388,,,1
403,N/S,https://sugarbind.expasy.org/lectins/403,,,1
404,N/S,https://sugarbind.expasy.org/lectins/404,,,1
405,N/S,https://sugarbind.expasy.org/lectins/405,,,1
406,N/S,https://sugarbind.expasy.org/lectins/406,,,1
407,N/S,https://sugarbind.expasy.org/lectins/407,,,1
408,N/S,https://sugarbind.expasy.org/lectins/408,,,1
419,N/S,https://sugarbind.expasy.org/lectins/419,,,1
477,N/S,https://sugarbind.expasy.org/lectins/477,,,1
478,N/S,https://sugarbind.expasy.org/lectins/478,,,1
479,N/S,https://sugarbind.expasy.org/lectins/479,,,1
480,N/S,https://sugarbind.expasy.org/lectins/480,,,1
481,N/S,https://sugarbind.expasy.org/lectins/481,,,1
482,N/S,https://sugarbind.expasy.org/lectins/482,,,1
483,N/S,https://sugarbind.expasy.org/lectins/483,,,1
485,N/S,https://sugarbind.expasy.org/lectins/485,,,1
486,N/S,https://sugarbind.expasy.org/lectins/486,,,1
487,N/S,https://sugarbind.expasy.org/lectins/487,,,1
488,N/S,https://sugarbind.expasy.org/lectins/488,,,1
489,N/S,https://sugarbind.expasy.org/lectins/489,,,1
490,N/S,https://sugarbind.expasy.org/lectins/490,,,1
491,N/S,https://sugarbind.expasy.org/lectins/491,,,1
492,N/S,https://sugarbind.expasy.org/lectins/492,,,1
493,N/S,https://sugarbind.expasy.org/lectins/493,,,1
494,N/S,https://sugarbind.expasy.org/lectins/494,,,1
495,N/S,https://sugarbind.expasy.org/lectins/495,,,1
496,N/S,https://sugarbind.expasy.org/lectins/496,,,1
497,N/S,https://sugarbind.expasy.org/lectins/497,,,1
498,N/S,https://sugarbind.expasy.org/lectins/498,,,1
499,N/S,https://sugarbind.expasy.org/lectins/499,,,1
500,N/S,https://sugarbind.expasy.org/lectins/500,,,1
501,N/S,https://sugarbind.expasy.org/lectins/501,,,1
502,N/S,https://sugarbind.expasy.org/lectins/502,,,1
503,N/S,https://sugarbind.expasy.org/lectins/503,,,1
504,N/S,https://sugarbind.expasy.org/lectins/504,,,1
505,N/S,https://sugarbind.expasy.org/lectins/505,,,1
506,N/S,https://sugarbind.expasy.org/lectins/506,,,1
507,N/S,https://sugarbind.expasy.org/lectins/507,,,1
508,N/S,https://sugarbind.expasy.org/lectins/508,,,1
509,N/S,https://sugarbind.expasy.org/lectins/509,,,1
510,N/S,https://sugarbind.expasy.org/lectins/510,,,1
511,N/S,https://sugarbind.expasy.org/lectins/511,,,1
512,N/S,https://sugarbind.expasy.org/lectins/512,,,1
513,N/S,https://sugarbind.expasy.org/lectins/513,,,1
514,N/S,https://sugarbind.expasy.org/lectins/514,,,1
515,N/S,https://sugarbind.expasy.org/lectins/515,,,1
516,N/S,https://sugarbind.expasy.org/lectins/516,,,1
517,N/S,https://sugarbind.expasy.org/lectins/517,,,1
518,N/S,https://sugarbind.expasy.org/lectins/518,,,1
519,N/S,https://sugarbind.expasy.org/lectins/519,,,1
520,N/S,https://sugarbind.expasy.org/lectins/520,,,1
521,N/S,https://sugarbind.expasy.org/lectins/521,,,1
522,N/S,https://sugarbind.expasy.org/lectins/522,,,1
523,N/S,https://sugarbind.expasy.org/lectins/523,,,1
524,N/S,https://sugarbind.expasy.org/lectins/524,,,1
525,N/S,https://sugarbind.expasy.org/lectins/525,,,1
526,N/S,https://sugarbind.expasy.org/lectins/526,,,1
527,N/S,https://sugarbind.expasy.org/lectins/527,,,1
528,N/S,https://sugarbind.expasy.org/lectins/528,,,1
529,N/S,https://sugarbind.expasy.org/lectins/529,,,1
530,N/S,https://sugarbind.expasy.org/lectins/530,,,1
531,N/S,https://sugarbind.expasy.org/lectins/531,,,1
532,N/S,https://sugarbind.expasy.org/lectins/532,,,1
533,N/S,https://sugarbind.expasy.org/lectins/533,,,1
534,N/S,https://sugarbind.expasy.org/lectins/534,,,1
535,N/S,https://sugarbind.expasy.org/lectins/535,,,1
536,N/S,https://sugarbind.expasy.org/lectins/536,,,1
537,N/S,https://sugarbind.expasy.org/lectins/537,,,1
538,N/S,https://sugarbind.expasy.org/lectins/538,,,1
539,N/S,https://sugarbind.expasy.org/lectins/539,,,1
540,N/S,https://sugarbind.expasy.org/lectins/540,,,1
541,N/S,https://sugarbind.expasy.org/lectins/541,,,1
542,N/S,https://sugarbind.expasy.org/lectins/542,,,1
543,N/S,https://sugarbind.expasy.org/lectins/543,,,1
544,N/S,https://sugarbind.expasy.org/lectins/544,,,1
545,N/S,https://sugarbind.expasy.org/lectins/545,,,1
546,N/S,https://sugarbind.expasy.org/lectins/546,,,1
547,N/S,https://sugarbind.expasy.org/lectins/547,,,1
548,N/S,https://sugarbind.expasy.org/lectins/548,,,1
549,N/S,https://sugarbind.expasy.org/lectins/549,,,1
550,N/S,https://sugarbind.expasy.org/lectins/550,,,1
551,N/S,https://sugarbind.expasy.org/lectins/551,,,1
560,N/S,https://sugarbind.expasy.org/lectins/560,,,1
561,N/S,https://sugarbind.expasy.org/lectins/561,,,1
562,N/S,https://sugarbind.expasy.org/lectins/562,,,1
563,N/S,https://sugarbind.expasy.org/lectins/563,,,1
564,N/S,https://sugarbind.expasy.org/lectins/564,,,1
569,N/S,https://sugarbind.expasy.org/lectins/569,,,1
581,N/S,https://sugarbind.expasy.org/lectins/581,,,1
585,N/S,https://sugarbind.expasy.org/lectins/585,,,1
586,N/S,https://sugarbind.expasy.org/lectins/586,,,1
646,N/S,https://sugarbind.expasy.org/lectins/646,,,1
647,N/S,https://sugarbind.expasy.org/lectins/647,,,1
649,N/S,https://sugarbind.expasy.org/lectins/649,,,1
650,N/S,https://sugarbind.expasy.org/lectins/650,,,1
651,N/S,https://sugarbind.expasy.org/lectins/651,,,1
652,N/S,https://sugarbind.expasy.org/lectins/652,,,1
653,N/S,https://sugarbind.expasy.org/lectins/653,,,1
654,N/S,https://sugarbind.expasy.org/lectins/654,,,1
655,N/S,https://sugarbind.expasy.org/lectins/655,,,1
656,N/S,https://sugarbind.expasy.org/lectins/656,,,1
657,N/S,https://sugarbind.expasy.org/lectins/657,,,1
658,N/S,https://sugarbind.expasy.org/lectins/658,,,1
659,N/S,https://sugarbind.expasy.org/lectins/659,,,1
660,N/S,https://sugarbind.expasy.org/lectins/660,,,1
661,N/S,https://sugarbind.expasy.org/lectins/661,,,1
662,N/S,https://sugarbind.expasy.org/lectins/662,,,1
663,N/S,https://sugarbind.expasy.org/lectins/663,,,1
664,N/S,https://sugarbind.expasy.org/lectins/664,,,1
665,N/S,https://sugarbind.expasy.org/lectins/665,,,1
666,N/S,https://sugarbind.expasy.org/lectins/666,,,1
667,N/S,https://sugarbind.expasy.org/lectins/667,,,1
668,N/S,https://sugarbind.expasy.org/lectins/668,,,1
671,N/S,https://sugarbind.expasy.org/lectins/671,,,1
672,N/S,https://sugarbind.expasy.org/lectins/672,,,1
673,N/S,https://sugarbind.expasy.org/lectins/673,,,1
674,N/S,https://sugarbind.expasy.org/lectins/674,,,1
675,N/S,https://sugarbind.expasy.org/lectins/675,,,1
676,N/S,https://sugarbind.expasy.org/lectins/676,,,1
677,N/S,https://sugarbind.expasy.org/lectins/677,,,1
678,N/S,https://sugarbind.expasy.org/lectins/678,,,1
679,N/S,https://sugarbind.expasy.org/lectins/679,,,1
680,N/S,https://sugarbind.expasy.org/lectins/680,,,1
681,N/S,https://sugarbind.expasy.org/lectins/681,,,1
691,N/S,https://sugarbind.expasy.org/lectins/691,,,1
692,N/S,https://sugarbind.expasy.org/lectins/692,,,1
693,N/S,https://sugarbind.expasy.org/lectins/693,,,1
694,N/S,https://sugarbind.expasy.org/lectins/694,,,1
695,N/S,https://sugarbind.expasy.org/lectins/695,,,1
696,N/S,https://sugarbind.expasy.org/lectins/696,,,1
697,N/S,https://sugarbind.expasy.org/lectins/697,,,1
698,N/S,https://sugarbind.expasy.org/lectins/698,,,1
572,N/S,https://sugarbind.expasy.org/lectins/572,,,1
700,N/S,https://sugarbind.expasy.org/lectins/700,,,1
701,N/S,https://sugarbind.expasy.org/lectins/701,,,1
702,N/S,https://sugarbind.expasy.org/lectins/702,,,1
703,N/S,https://sugarbind.expasy.org/lectins/703,,,1
704,N/S,https://sugarbind.expasy.org/lectins/704,,,1
705,N/S,https://sugarbind.expasy.org/lectins/705,,,1
706,N/S,https://sugarbind.expasy.org/lectins/706,,,1
707,N/S,https://sugarbind.expasy.org/lectins/707,,,1
708,N/S,https://sugarbind.expasy.org/lectins/708,,,1
709,N/S,https://sugarbind.expasy.org/lectins/709,,,1
713,N/S,https://sugarbind.expasy.org/lectins/713,,,1
714,N/S,https://sugarbind.expasy.org/lectins/714,,,1
718,N/S,https://sugarbind.expasy.org/lectins/718,,,1
719,N/S,https://sugarbind.expasy.org/lectins/719,,,1
720,N/S,https://sugarbind.expasy.org/lectins/720,,,1
721,N/S,https://sugarbind.expasy.org/lectins/721,,,1
723,N/S,https://sugarbind.expasy.org/lectins/723,,,1
725,N/S,https://sugarbind.expasy.org/lectins/725,,,1
726,N/S,https://sugarbind.expasy.org/lectins/726,,,1
727,N/S,https://sugarbind.expasy.org/lectins/727,,,1
728,N/S,https://sugarbind.expasy.org/lectins/728,,,1
729,N/S,https://sugarbind.expasy.org/lectins/729,,,1
730,N/S,https://sugarbind.expasy.org/lectins/730,,,1
731,N/S,https://sugarbind.expasy.org/lectins/731,,,1
732,N/S,https://sugarbind.expasy.org/lectins/732,,,1
733,N/S,https://sugarbind.expasy.org/lectins/733,,,1
734,N/S,https://sugarbind.expasy.org/lectins/734,,,1
735,N/S,https://sugarbind.expasy.org/lectins/735,,,1
736,N/S,https://sugarbind.expasy.org/lectins/736,,,1
737,N/S,https://sugarbind.expasy.org/lectins/737,,,1
738,N/S,https://sugarbind.expasy.org/lectins/738,,,1
739,N/S,https://sugarbind.expasy.org/lectins/739,,,1
740,N/S,https://sugarbind.expasy.org/lectins/740,,,1
741,N/S,https://sugarbind.expasy.org/lectins/741,,,1
744,N/S,https://sugarbind.expasy.org/lectins/744,,,1
745,N/S,https://sugarbind.expasy.org/lectins/745,,,1
2,N/S,https://sugarbind.expasy.org/lectins/2,,,1
3,N/S,https://sugarbind.expasy.org/lectins/3,,,1
4,N/S,https://sugarbind.expasy.org/lectins/4,,,1
5,N/S,https://sugarbind.expasy.org/lectins/5,,,1
6,N/S,https://sugarbind.expasy.org/lectins/6,,,1
7,N/S,https://sugarbind.expasy.org/lectins/7,,,1
8,N/S,https://sugarbind.expasy.org/lectins/8,,,1
9,N/S,https://sugarbind.expasy.org/lectins/9,,,1
10,N/S,https://sugarbind.expasy.org/lectins/10,,,1
11,N/S,https://sugarbind.expasy.org/lectins/11,,,1
12,N/S,https://sugarbind.expasy.org/lectins/12,,,1
13,N/S,https://sugarbind.expasy.org/lectins/13,,,1
14,N/S,https://sugarbind.expasy.org/lectins/14,,,1
15,N/S,https://sugarbind.expasy.org/lectins/15,,,1
16,N/S,https://sugarbind.expasy.org/lectins/16,,,1
17,N/S,https://sugarbind.expasy.org/lectins/17,,,1
18,N/S,https://sugarbind.expasy.org/lectins/18,,,1
19,N/S,https://sugarbind.expasy.org/lectins/19,,,1
20,N/S,https://sugarbind.expasy.org/lectins/20,,,1
21,N/S,https://sugarbind.expasy.org/lectins/21,,,1
22,N/S,https://sugarbind.expasy.org/lectins/22,,,1
23,N/S,https://sugarbind.expasy.org/lectins/23,,,1
24,N/S,https://sugarbind.expasy.org/lectins/24,,,1
25,N/S,https://sugarbind.expasy.org/lectins/25,,,1
26,N/S,https://sugarbind.expasy.org/lectins/26,,,1
27,N/S,https://sugarbind.expasy.org/lectins/27,,,1
28,N/S,https://sugarbind.expasy.org/lectins/28,,,1
29,N/S,https://sugarbind.expasy.org/lectins/29,,,1
30,N/S,https://sugarbind.expasy.org/lectins/30,,,1
31,N/S,https://sugarbind.expasy.org/lectins/31,,,1
32,N/S,https://sugarbind.expasy.org/lectins/32,,,1
33,N/S,https://sugarbind.expasy.org/lectins/33,,,1
34,N/S,https://sugarbind.expasy.org/lectins/34,,,1
35,N/S,https://sugarbind.expasy.org/lectins/35,,,1
36,N/S,https://sugarbind.expasy.org/lectins/36,,,1
37,N/S,https://sugarbind.expasy.org/lectins/37,,,1
38,N/S,https://sugarbind.expasy.org/lectins/38,,,1
39,N/S,https://sugarbind.expasy.org/lectins/39,,,1
40,N/S,https://sugarbind.expasy.org/lectins/40,,,1
41,N/S,https://sugarbind.expasy.org/lectins/41,,,1
42,N/S,https://sugarbind.expasy.org/lectins/42,,,1
43,N/S,https://sugarbind.expasy.org/lectins/43,,,1
44,N/S,https://sugarbind.expasy.org/lectins/44,,,1
45,N/S,https://sugarbind.expasy.org/lectins/45,,,1
46,N/S,https://sugarbind.expasy.org/lectins/46,,,1
48,N/S,https://sugarbind.expasy.org/lectins/48,,,1
51,N/S,https://sugarbind.expasy.org/lectins/51,,,1
52,N/S,https://sugarbind.expasy.org/lectins/52,,,1
53,N/S,https://sugarbind.expasy.org/lectins/53,,,1
54,N/S,https://sugarbind.expasy.org/lectins/54,,,1
55,N/S,https://sugarbind.expasy.org/lectins/55,,,1
56,N/S,https://sugarbind.expasy.org/lectins/56,,,1
57,N/S,https://sugarbind.expasy.org/lectins/57,,,1
58,N/S,https://sugarbind.expasy.org/lectins/58,,,1
59,N/S,https://sugarbind.expasy.org/lectins/59,,,1
61,N/S,https://sugarbind.expasy.org/lectins/61,,,1
62,N/S,https://sugarbind.expasy.org/lectins/62,,,1
63,N/S,https://sugarbind.expasy.org/lectins/63,,,1
699,N/S,https://sugarbind.expasy.org/lectins/699,,,1
573,N/S,https://sugarbind.expasy.org/lectins/573,,,1
575,N/S,https://sugarbind.expasy.org/lectins/575,,,1
570,N/S,https://sugarbind.expasy.org/lectins/570,,,1
165,N/S,https://sugarbind.expasy.org/lectins/165,,,1
574,N/S,https://sugarbind.expasy.org/lectins/574,,,1
166,N/S,https://sugarbind.expasy.org/lectins/166,,,1
167,N/S,https://sugarbind.expasy.org/lectins/167,,,1
160,N/S,https://sugarbind.expasy.org/lectins/160,,,1
161,N/S,https://sugarbind.expasy.org/lectins/161,,,1
162,N/S,https://sugarbind.expasy.org/lectins/162,,,1
163,N/S,https://sugarbind.expasy.org/lectins/163,,,1
164,N/S,https://sugarbind.expasy.org/lectins/164,,,1
576,N/S,https://sugarbind.expasy.org/lectins/576,,,1
579,N/S,https://sugarbind.expasy.org/lectins/579,,,1
578,N/S,https://sugarbind.expasy.org/lectins/578,,,1
577,N/S,https://sugarbind.expasy.org/lectins/577,,,1
571,N/S,https://sugarbind.expasy.org/lectins/571,,,1
1,N/S,https://sugarbind.expasy.org/lectins/1,,,1
64,N/S,https://sugarbind.expasy.org/lectins/64,,,1
682,N/S,https://sugarbind.expasy.org/lectins/682,,,1
683,N/S,https://sugarbind.expasy.org/lectins/683,,,1
684,N/S,https://sugarbind.expasy.org/lectins/684,,,1
685,N/S,https://sugarbind.expasy.org/lectins/685,,,1
687,N/S,https://sugarbind.expasy.org/lectins/687,,,1
688,N/S,https://sugarbind.expasy.org/lectins/688,,,1
690,N/S,https://sugarbind.expasy.org/lectins/690,,,1
614,N/S,https://sugarbind.expasy.org/lectins/614,,,1
65,N/S,https://sugarbind.expasy.org/lectins/65,,,1
66,N/S,https://sugarbind.expasy.org/lectins/66,,,1
67,N/S,https://sugarbind.expasy.org/lectins/67,,,1
69,N/S,https://sugarbind.expasy.org/lectins/69,,,1
70,N/S,https://sugarbind.expasy.org/lectins/70,,,1
71,N/S,https://sugarbind.expasy.org/lectins/71,,,1
72,N/S,https://sugarbind.expasy.org/lectins/72,,,1
73,N/S,https://sugarbind.expasy.org/lectins/73,,,1
74,N/S,https://sugarbind.expasy.org/lectins/74,,,1
75,N/S,https://sugarbind.expasy.org/lectins/75,,,1
76,N/S,https://sugarbind.expasy.org/lectins/76,,,1
77,N/S,https://sugarbind.expasy.org/lectins/77,,,1
78,N/S,https://sugarbind.expasy.org/lectins/78,,,1
79,N/S,https://sugarbind.expasy.org/lectins/79,,,1
80,N/S,https://sugarbind.expasy.org/lectins/80,,,1
81,N/S,https://sugarbind.expasy.org/lectins/81,,,1
82,N/S,https://sugarbind.expasy.org/lectins/82,,,1
83,N/S,https://sugarbind.expasy.org/lectins/83,,,1
84,N/S,https://sugarbind.expasy.org/lectins/84,,,1
85,N/S,https://sugarbind.expasy.org/lectins/85,,,1
86,N/S,https://sugarbind.expasy.org/lectins/86,,,1
87,N/S,https://sugarbind.expasy.org/lectins/87,,,1
88,N/S,https://sugarbind.expasy.org/lectins/88,,,1
89,N/S,https://sugarbind.expasy.org/lectins/89,,,1
90,N/S,https://sugarbind.expasy.org/lectins/90,,,1
91,N/S,https://sugarbind.expasy.org/lectins/91,,,1
93,N/S,https://sugarbind.expasy.org/lectins/93,,,1
102,N/S,https://sugarbind.expasy.org/lectins/102,,,1
103,N/S,https://sugarbind.expasy.org/lectins/103,,,1
106,N/S,https://sugarbind.expasy.org/lectins/106,,,1
107,N/S,https://sugarbind.expasy.org/lectins/107,,,1
110,N/S,https://sugarbind.expasy.org/lectins/110,,,1
111,N/S,https://sugarbind.expasy.org/lectins/111,,,1
112,N/S,https://sugarbind.expasy.org/lectins/112,,,1
113,N/S,https://sugarbind.expasy.org/lectins/113,,,1
114,N/S,https://sugarbind.expasy.org/lectins/114,,,1
115,N/S,https://sugarbind.expasy.org/lectins/115,,,1
117,N/S,https://sugarbind.expasy.org/lectins/117,,,1
118,N/S,https://sugarbind.expasy.org/lectins/118,,,1
119,N/S,https://sugarbind.expasy.org/lectins/119,,,1
120,N/S,https://sugarbind.expasy.org/lectins/120,,,1
121,N/S,https://sugarbind.expasy.org/lectins/121,,,1
125,N/S,https://sugarbind.expasy.org/lectins/125,,,1
127,N/S,https://sugarbind.expasy.org/lectins/127,,,1
128,N/S,https://sugarbind.expasy.org/lectins/128,,,1
129,N/S,https://sugarbind.expasy.org/lectins/129,,,1
130,N/S,https://sugarbind.expasy.org/lectins/130,,,1
131,N/S,https://sugarbind.expasy.org/lectins/131,,,1
132,N/S,https://sugarbind.expasy.org/lectins/132,,,1
133,N/S,https://sugarbind.expasy.org/lectins/133,,,1
134,N/S,https://sugarbind.expasy.org/lectins/134,,,1
135,N/S,https://sugarbind.expasy.org/lectins/135,,,1
136,N/S,https://sugarbind.expasy.org/lectins/136,,,1
137,N/S,https://sugarbind.expasy.org/lectins/137,,,1
138,N/S,https://sugarbind.expasy.org/lectins/138,,,1
139,N/S,https://sugarbind.expasy.org/lectins/139,,,1
140,N/S,https://sugarbind.expasy.org/lectins/140,,,1
149,N/S,https://sugarbind.expasy.org/lectins/149,,,1
151,N/S,https://sugarbind.expasy.org/lectins/151,,,1
152,N/S,https://sugarbind.expasy.org/lectins/152,,,1
153,N/S,https://sugarbind.expasy.org/lectins/153,,,1
154,N/S,https://sugarbind.expasy.org/lectins/154,,,1
155,N/S,https://sugarbind.expasy.org/lectins/155,,,1
156,N/S,https://sugarbind.expasy.org/lectins/156,,,1
157,N/S,https://sugarbind.expasy.org/lectins/157,,,1
158,N/S,https://sugarbind.expasy.org/lectins/158,,,1
159,N/S,https://sugarbind.expasy.org/lectins/159,,,1
168,N/S,https://sugarbind.expasy.org/lectins/168,,,1
169,N/S,https://sugarbind.expasy.org/lectins/169,,,1
170,N/S,https://sugarbind.expasy.org/lectins/170,,,1
171,N/S,https://sugarbind.expasy.org/lectins/171,,,1
173,N/S,https://sugarbind.expasy.org/lectins/173,,,1
174,N/S,https://sugarbind.expasy.org/lectins/174,,,1
175,N/S,https://sugarbind.expasy.org/lectins/175,,,1
176,N/S,https://sugarbind.expasy.org/lectins/176,,,1
177,N/S,https://sugarbind.expasy.org/lectins/177,,,1
180,N/S,https://sugarbind.expasy.org/lectins/180,,,1
181,N/S,https://sugarbind.expasy.org/lectins/181,,,1
182,N/S,https://sugarbind.expasy.org/lectins/182,,,1
188,N/S,https://sugarbind.expasy.org/lectins/188,,,1
190,N/S,https://sugarbind.expasy.org/lectins/190,,,1
191,N/S,https://sugarbind.expasy.org/lectins/191,,,1
192,N/S,https://sugarbind.expasy.org/lectins/192,,,1
193,N/S,https://sugarbind.expasy.org/lectins/193,,,1
194,N/S,https://sugarbind.expasy.org/lectins/194,,,1
92,N/S,https://sugarbind.expasy.org/lectins/92,P10845,https://www.uniprot.org/uniprot/P10845,1
101,N/S,https://sugarbind.expasy.org/lectins/101,P30996,https://www.uniprot.org/uniprot/P30996,1
200,N/S,https://sugarbind.expasy.org/lectins/200,,,1
201,N/S,https://sugarbind.expasy.org/lectins/201,,,1
202,N/S,https://sugarbind.expasy.org/lectins/202,,,1
203,N/S,https://sugarbind.expasy.org/lectins/203,,,1
204,N/S,https://sugarbind.expasy.org/lectins/204,,,1
205,N/S,https://sugarbind.expasy.org/lectins/205,,,1
620,N/S,https://sugarbind.expasy.org/lectins/620,,,1
621,N/S,https://sugarbind.expasy.org/lectins/621,,,1
206,N/S,https://sugarbind.expasy.org/lectins/206,,,1
207,N/S,https://sugarbind.expasy.org/lectins/207,,,1
208,N/S,https://sugarbind.expasy.org/lectins/208,,,1
209,N/S,https://sugarbind.expasy.org/lectins/209,,,1
210,N/S,https://sugarbind.expasy.org/lectins/210,,,1
211,N/S,https://sugarbind.expasy.org/lectins/211,,,1
212,N/S,https://sugarbind.expasy.org/lectins/212,,,1
213,N/S,https://sugarbind.expasy.org/lectins/213,,,1
214,N/S,https://sugarbind.expasy.org/lectins/214,,,1
215,N/S,https://sugarbind.expasy.org/lectins/215,,,1
216,N/S,https://sugarbind.expasy.org/lectins/216,,,1
221,N/S,https://sugarbind.expasy.org/lectins/221,,,1
224,N/S,https://sugarbind.expasy.org/lectins/224,,,1
226,N/S,https://sugarbind.expasy.org/lectins/226,,,1
227,N/S,https://sugarbind.expasy.org/lectins/227,,,1
228,N/S,https://sugarbind.expasy.org/lectins/228,,,1
229,N/S,https://sugarbind.expasy.org/lectins/229,,,1
230,N/S,https://sugarbind.expasy.org/lectins/230,,,1
231,N/S,https://sugarbind.expasy.org/lectins/231,,,1
232,N/S,https://sugarbind.expasy.org/lectins/232,,,1
233,N/S,https://sugarbind.expasy.org/lectins/233,,,1
234,N/S,https://sugarbind.expasy.org/lectins/234,,,1
239,N/S,https://sugarbind.expasy.org/lectins/239,,,1
240,N/S,https://sugarbind.expasy.org/lectins/240,,,1
241,N/S,https://sugarbind.expasy.org/lectins/241,,,1
242,N/S,https://sugarbind.expasy.org/lectins/242,,,1
243,N/S,https://sugarbind.expasy.org/lectins/243,,,1
244,N/S,https://sugarbind.expasy.org/lectins/244,,,1
245,N/S,https://sugarbind.expasy.org/lectins/245,,,1
246,N/S,https://sugarbind.expasy.org/lectins/246,,,1
247,N/S,https://sugarbind.expasy.org/lectins/247,,,1
248,N/S,https://sugarbind.expasy.org/lectins/248,,,1
249,N/S,https://sugarbind.expasy.org/lectins/249,,,1
587,N/S,https://sugarbind.expasy.org/lectins/587,,,1
588,N/S,https://sugarbind.expasy.org/lectins/588,,,1
589,N/S,https://sugarbind.expasy.org/lectins/589,,,1
590,N/S,https://sugarbind.expasy.org/lectins/590,,,1
591,N/S,https://sugarbind.expasy.org/lectins/591,,,1
592,N/S,https://sugarbind.expasy.org/lectins/592,,,1
593,N/S,https://sugarbind.expasy.org/lectins/593,,,1
594,N/S,https://sugarbind.expasy.org/lectins/594,,,1
595,N/S,https://sugarbind.expasy.org/lectins/595,,,1
596,N/S,https://sugarbind.expasy.org/lectins/596,,,1
597,N/S,https://sugarbind.expasy.org/lectins/597,,,1
598,N/S,https://sugarbind.expasy.org/lectins/598,,,1
599,N/S,https://sugarbind.expasy.org/lectins/599,,,1
600,N/S,https://sugarbind.expasy.org/lectins/600,,,1
601,N/S,https://sugarbind.expasy.org/lectins/601,,,1
602,N/S,https://sugarbind.expasy.org/lectins/602,,,1
603,N/S,https://sugarbind.expasy.org/lectins/603,,,1
604,N/S,https://sugarbind.expasy.org/lectins/604,,,1
606,N/S,https://sugarbind.expasy.org/lectins/606,,,1
607,N/S,https://sugarbind.expasy.org/lectins/607,,,1
608,N/S,https://sugarbind.expasy.org/lectins/608,,,1
609,N/S,https://sugarbind.expasy.org/lectins/609,,,1
610,N/S,https://sugarbind.expasy.org/lectins/610,,,1
611,N/S,https://sugarbind.expasy.org/lectins/611,,,1
612,N/S,https://sugarbind.expasy.org/lectins/612,,,1
613,N/S,https://sugarbind.expasy.org/lectins/613,,,1
622,N/S,https://sugarbind.expasy.org/lectins/622,,,1
623,N/S,https://sugarbind.expasy.org/lectins/623,,,1
624,N/S,https://sugarbind.expasy.org/lectins/624,,,1
625,N/S,https://sugarbind.expasy.org/lectins/625,,,1
626,N/S,https://sugarbind.expasy.org/lectins/626,,,1
627,N/S,https://sugarbind.expasy.org/lectins/627,,,1
100,Neurotoxine ganglioside binding site,https://sugarbind.expasy.org/lectins/100,Q9LBR1,https://www.uniprot.org/uniprot/Q9LBR1,0
711,P adhesin,https://sugarbind.expasy.org/lectins/711,,,0
710,P adhesin,https://sugarbind.expasy.org/lectins/710,,,0
618,PA-IIL,https://sugarbind.expasy.org/lectins/618,,,0
619,PA-IL,https://sugarbind.expasy.org/lectins/619,Q05097,https://www.uniprot.org/uniprot/Q05097,0
742,PH 6,https://sugarbind.expasy.org/lectins/742,,,0
225,PapG,https://sugarbind.expasy.org/lectins/225,,,0
237,PapG,https://sugarbind.expasy.org/lectins/237,,,0
145,PapG,https://sugarbind.expasy.org/lectins/145,P13720,https://www.uniprot.org/uniprot/P13720,0
222,PapGII,https://sugarbind.expasy.org/lectins/222,,,0
223,PapGIII,https://sugarbind.expasy.org/lectins/223,,,0
616,Pilin subunit,https://sugarbind.expasy.org/lectins/616,,,0
198,PrsG,https://sugarbind.expasy.org/lectins/198,,,0
185,PrsG,https://sugarbind.expasy.org/lectins/185,,,0
49,S2 subunit,https://sugarbind.expasy.org/lectins/49,,,0
50,S3 subunit,https://sugarbind.expasy.org/lectins/50,,,0
323,SabA,https://sugarbind.expasy.org/lectins/323,I0ZIE1,https://www.uniprot.org/uniprot/I0ZIE1,0
332,SabA,https://sugarbind.expasy.org/lectins/332,,,0
330,SabA,https://sugarbind.expasy.org/lectins/330,,,0
186,SafS,https://sugarbind.expasy.org/lectins/186,,,0
197,SfaS,https://sugarbind.expasy.org/lectins/197,,,0
116,Spike glycoprotein,https://sugarbind.expasy.org/lectins/116,P36334,https://www.uniprot.org/uniprot/P36334,0
105,TcdA-f2,https://sugarbind.expasy.org/lectins/105,P16154,https://www.uniprot.org/uniprot/P16154,0
715,TgMIC-NT,https://sugarbind.expasy.org/lectins/715,O00834,https://www.uniprot.org/uniprot/O00834,0
716,TgMIC1-MARR,https://sugarbind.expasy.org/lectins/716,O00834,https://www.uniprot.org/uniprot/O00834,0
717,TgMIC4-A5,https://sugarbind.expasy.org/lectins/717,,,0
555,VP1,https://sugarbind.expasy.org/lectins/555,Q83884,https://www.uniprot.org/uniprot/Q83884,0
552,VP1,https://sugarbind.expasy.org/lectins/552,Q83884,https://www.uniprot.org/uniprot/Q83884,0
557,VP1,https://sugarbind.expasy.org/lectins/557,Q83884,https://www.uniprot.org/uniprot/Q83884,0
558,VP1,https://sugarbind.expasy.org/lectins/558,Q83884,https://www.uniprot.org/uniprot/Q83884,0
559,VP1,https://sugarbind.expasy.org/lectins/559,Q83884,https://www.uniprot.org/uniprot/Q83884,0
565,VP1,https://sugarbind.expasy.org/lectins/565,Q83884,https://www.uniprot.org/uniprot/Q83884,0
566,VP1,https://sugarbind.expasy.org/lectins/566,Q83884,https://www.uniprot.org/uniprot/Q83884,0
567,VP1,https://sugarbind.expasy.org/lectins/567,Q83884,https://www.uniprot.org/uniprot/Q83884,0
568,VP1,https://sugarbind.expasy.org/lectins/568,Q83884,https://www.uniprot.org/uniprot/Q83884,0
553,VP1,https://sugarbind.expasy.org/lectins/553,Q83884,https://www.uniprot.org/uniprot/Q83884,0
554,VP1,https://sugarbind.expasy.org/lectins/554,Q83884,https://www.uniprot.org/uniprot/Q83884,0
556,VP1,https://sugarbind.expasy.org/lectins/556,Q83884,https://www.uniprot.org/uniprot/Q83884,0
630,Virus Spike Protein VP4/VP8* domain,https://sugarbind.expasy.org/lectins/630,P12473,https://www.uniprot.org/uniprot/P12473,0
636,Virus Spike Protein VP4/VP8* domain,https://sugarbind.expasy.org/lectins/636,A2T3T2,https://www.uniprot.org/uniprot/A2T3T2,0
754,Virus Spike Protein VP4/VP8* domain,https://sugarbind.expasy.org/lectins/754,P11200,https://www.uniprot.org/uniprot/P11200,0
750,Virus Spike Protein VP4/VP8* domain,https://sugarbind.expasy.org/lectins/750,Q86169,https://www.uniprot.org/uniprot/Q86169,0
631,Virus Spike Protein VP4/VP8* domain,https://sugarbind.expasy.org/lectins/631,P17465,https://www.uniprot.org/uniprot/P17465,0
641,Virus Spike Protein VP4/VP8* domain,https://sugarbind.expasy.org/lectins/641,P12474,https://www.uniprot.org/uniprot/P12474,0
