Lectin ID,Pubmed ID,Pubmed link,Pubmed Year,Pubmed Authors,Pubmed Title
172,2885220,http://www.ncbi.nlm.nih.gov/pubmed/2885220,,,
141,11368522,http://www.ncbi.nlm.nih.gov/pubmed/11368522,,,
141,17262177,http://www.ncbi.nlm.nih.gov/pubmed/17262177,,,
712,8751914,http://www.ncbi.nlm.nih.gov/pubmed/8751914,,,
179,8557360,http://www.ncbi.nlm.nih.gov/pubmed/8557360,,,
60,8606110,http://www.ncbi.nlm.nih.gov/pubmed/8606110,,,
108,16104015,http://www.ncbi.nlm.nih.gov/pubmed/16104015,,,
109,16104015,http://www.ncbi.nlm.nih.gov/pubmed/16104015,,,
580,10570221,http://www.ncbi.nlm.nih.gov/pubmed/10570221,,,
104,9712688,http://www.ncbi.nlm.nih.gov/pubmed/9712688,,,
628,15153502,http://www.ncbi.nlm.nih.gov/pubmed/15153502,,,
669,7981205,http://www.ncbi.nlm.nih.gov/pubmed/7981205,,,
724,15358234,http://www.ncbi.nlm.nih.gov/pubmed/15358234,,,
670,3519828,http://www.ncbi.nlm.nih.gov/pubmed/3519828,,,
583,11814568,http://www.ncbi.nlm.nih.gov/pubmed/11814568,,,
68,23480609,http://www.ncbi.nlm.nih.gov/pubmed/23480609,,,
331,15273394,http://www.ncbi.nlm.nih.gov/pubmed/15273394,,,
336,15273394,http://www.ncbi.nlm.nih.gov/pubmed/15273394,,,
318,15273394,http://www.ncbi.nlm.nih.gov/pubmed/15273394,,,
743,18215132,http://www.ncbi.nlm.nih.gov/pubmed/18215132,,,
178,7822033,http://www.ncbi.nlm.nih.gov/pubmed/7822033,,,
753,21525337,http://www.ncbi.nlm.nih.gov/pubmed/21525337,,,
749,20951965,http://www.ncbi.nlm.nih.gov/pubmed/20951965,,,
748,24648448,http://www.ncbi.nlm.nih.gov/pubmed/24648448,,,
196,1352712,http://www.ncbi.nlm.nih.gov/pubmed/1352712,,,
196,14576169,http://www.ncbi.nlm.nih.gov/pubmed/14576169,,,
146,9673272,http://www.ncbi.nlm.nih.gov/pubmed/9673272,,,
142,9673272,http://www.ncbi.nlm.nih.gov/pubmed/9673272,,,
143,9673272,http://www.ncbi.nlm.nih.gov/pubmed/9673272,,,
150,9673272,http://www.ncbi.nlm.nih.gov/pubmed/9673272,,,
147,9673272,http://www.ncbi.nlm.nih.gov/pubmed/9673272,,,
582,1310320,http://www.ncbi.nlm.nih.gov/pubmed/1310320,,,
584,11814568,http://www.ncbi.nlm.nih.gov/pubmed/11814568,,,
617,1679039,http://www.ncbi.nlm.nih.gov/pubmed/1679039,,,
615,9224879,http://www.ncbi.nlm.nih.gov/pubmed/9224879,,,
195,12864853,http://www.ncbi.nlm.nih.gov/pubmed/12864853,,,
47,8514379,http://www.ncbi.nlm.nih.gov/pubmed/8514379,,,
220,6150011,http://www.ncbi.nlm.nih.gov/pubmed/6150011,,,
747,22812428,http://www.ncbi.nlm.nih.gov/pubmed/22812428,,,
746,22812428,http://www.ncbi.nlm.nih.gov/pubmed/22812428,,,
126,19208633,http://www.ncbi.nlm.nih.gov/pubmed/19208633,,,
752,15220447,http://www.ncbi.nlm.nih.gov/pubmed/15220447,,,
751,21151139,http://www.ncbi.nlm.nih.gov/pubmed/21151139,,,
187,12010488,http://www.ncbi.nlm.nih.gov/pubmed/12010488,,,
648,7601831,http://www.ncbi.nlm.nih.gov/pubmed/7601831,,,
199,1971261,http://www.ncbi.nlm.nih.gov/pubmed/1971261,,,
484,1971261,http://www.ncbi.nlm.nih.gov/pubmed/1971261,,,
184,12640357,http://www.ncbi.nlm.nih.gov/pubmed/12640357,,,
183,9973330,http://www.ncbi.nlm.nih.gov/pubmed/9973330,,,
238,1967600,http://www.ncbi.nlm.nih.gov/pubmed/1967600,,,
144,7883703,http://www.ncbi.nlm.nih.gov/pubmed/7883703,,,
360,8184533,http://www.ncbi.nlm.nih.gov/pubmed/8184533,,,
360,8464878,http://www.ncbi.nlm.nih.gov/pubmed/8464878,,,
689,16177339,http://www.ncbi.nlm.nih.gov/pubmed/16177339,,,
392,18652681,http://www.ncbi.nlm.nih.gov/pubmed/18652681,,,
391,18652681,http://www.ncbi.nlm.nih.gov/pubmed/18652681,,,
389,10954551,http://www.ncbi.nlm.nih.gov/pubmed/10954551,,,
374,14764886,http://www.ncbi.nlm.nih.gov/pubmed/14764886,,,
393,16226289,http://www.ncbi.nlm.nih.gov/pubmed/16226289,,,
390,16226289,http://www.ncbi.nlm.nih.gov/pubmed/16226289,,,
375,18652681,http://www.ncbi.nlm.nih.gov/pubmed/18652681,,,
395,18652681,http://www.ncbi.nlm.nih.gov/pubmed/18652681,,,
397,16226289,http://www.ncbi.nlm.nih.gov/pubmed/16226289,,,
396,18652681,http://www.ncbi.nlm.nih.gov/pubmed/18652681,,,
394,10954551,http://www.ncbi.nlm.nih.gov/pubmed/10954551,,,
400,10954551,http://www.ncbi.nlm.nih.gov/pubmed/10954551,,,
399,10954551,http://www.ncbi.nlm.nih.gov/pubmed/10954551,,,
398,10954551,http://www.ncbi.nlm.nih.gov/pubmed/10954551,,,
414,18652681,http://www.ncbi.nlm.nih.gov/pubmed/18652681,,,
410,18652681,http://www.ncbi.nlm.nih.gov/pubmed/18652681,,,
415,18652681,http://www.ncbi.nlm.nih.gov/pubmed/18652681,,,
411,18652681,http://www.ncbi.nlm.nih.gov/pubmed/18652681,,,
412,18652681,http://www.ncbi.nlm.nih.gov/pubmed/18652681,,,
413,18652681,http://www.ncbi.nlm.nih.gov/pubmed/18652681,,,
402,10954551,http://www.ncbi.nlm.nih.gov/pubmed/10954551,,,
409,18652681,http://www.ncbi.nlm.nih.gov/pubmed/18652681,,,
401,10954551,http://www.ncbi.nlm.nih.gov/pubmed/10954551,,,
418,18652681,http://www.ncbi.nlm.nih.gov/pubmed/18652681,,,
416,18652681,http://www.ncbi.nlm.nih.gov/pubmed/18652681,,,
417,16226289,http://www.ncbi.nlm.nih.gov/pubmed/16226289,,,
437,16226289,http://www.ncbi.nlm.nih.gov/pubmed/16226289,,,
438,16226289,http://www.ncbi.nlm.nih.gov/pubmed/16226289,,,
439,16226289,http://www.ncbi.nlm.nih.gov/pubmed/16226289,,,
440,16226289,http://www.ncbi.nlm.nih.gov/pubmed/16226289,,,
434,16226289,http://www.ncbi.nlm.nih.gov/pubmed/16226289,,,
433,16226289,http://www.ncbi.nlm.nih.gov/pubmed/16226289,,,
432,16226289,http://www.ncbi.nlm.nih.gov/pubmed/16226289,,,
431,16226289,http://www.ncbi.nlm.nih.gov/pubmed/16226289,,,
430,16226289,http://www.ncbi.nlm.nih.gov/pubmed/16226289,,,
429,16226289,http://www.ncbi.nlm.nih.gov/pubmed/16226289,,,
428,16226289,http://www.ncbi.nlm.nih.gov/pubmed/16226289,,,
441,16226289,http://www.ncbi.nlm.nih.gov/pubmed/16226289,,,
427,16226289,http://www.ncbi.nlm.nih.gov/pubmed/16226289,,,
426,16226289,http://www.ncbi.nlm.nih.gov/pubmed/16226289,,,
425,16226289,http://www.ncbi.nlm.nih.gov/pubmed/16226289,,,
424,16226289,http://www.ncbi.nlm.nih.gov/pubmed/16226289,,,
423,18652681,http://www.ncbi.nlm.nih.gov/pubmed/18652681,,,
422,16226289,http://www.ncbi.nlm.nih.gov/pubmed/16226289,,,
442,16226289,http://www.ncbi.nlm.nih.gov/pubmed/16226289,,,
421,16226289,http://www.ncbi.nlm.nih.gov/pubmed/16226289,,,
443,16226289,http://www.ncbi.nlm.nih.gov/pubmed/16226289,,,
444,16226289,http://www.ncbi.nlm.nih.gov/pubmed/16226289,,,
445,16226289,http://www.ncbi.nlm.nih.gov/pubmed/16226289,,,
446,16226289,http://www.ncbi.nlm.nih.gov/pubmed/16226289,,,
447,16226289,http://www.ncbi.nlm.nih.gov/pubmed/16226289,,,
448,16226289,http://www.ncbi.nlm.nih.gov/pubmed/16226289,,,
420,18652681,http://www.ncbi.nlm.nih.gov/pubmed/18652681,,,
435,16226289,http://www.ncbi.nlm.nih.gov/pubmed/16226289,,,
436,16226289,http://www.ncbi.nlm.nih.gov/pubmed/16226289,,,
449,18652681,http://www.ncbi.nlm.nih.gov/pubmed/18652681,,,
450,18652681,http://www.ncbi.nlm.nih.gov/pubmed/18652681,,,
451,18652681,http://www.ncbi.nlm.nih.gov/pubmed/18652681,,,
452,18652681,http://www.ncbi.nlm.nih.gov/pubmed/18652681,,,
453,18652681,http://www.ncbi.nlm.nih.gov/pubmed/18652681,,,
454,18652681,http://www.ncbi.nlm.nih.gov/pubmed/18652681,,,
458,18652681,http://www.ncbi.nlm.nih.gov/pubmed/18652681,,,
457,18652681,http://www.ncbi.nlm.nih.gov/pubmed/18652681,,,
461,18652681,http://www.ncbi.nlm.nih.gov/pubmed/18652681,,,
456,18652681,http://www.ncbi.nlm.nih.gov/pubmed/18652681,,,
459,18652681,http://www.ncbi.nlm.nih.gov/pubmed/18652681,,,
460,18652681,http://www.ncbi.nlm.nih.gov/pubmed/18652681,,,
455,18652681,http://www.ncbi.nlm.nih.gov/pubmed/18652681,,,
472,18652681,http://www.ncbi.nlm.nih.gov/pubmed/18652681,,,
473,18652681,http://www.ncbi.nlm.nih.gov/pubmed/18652681,,,
474,18652681,http://www.ncbi.nlm.nih.gov/pubmed/18652681,,,
475,18652681,http://www.ncbi.nlm.nih.gov/pubmed/18652681,,,
476,18652681,http://www.ncbi.nlm.nih.gov/pubmed/18652681,,,
467,18652681,http://www.ncbi.nlm.nih.gov/pubmed/18652681,,,
466,18652681,http://www.ncbi.nlm.nih.gov/pubmed/18652681,,,
465,18652681,http://www.ncbi.nlm.nih.gov/pubmed/18652681,,,
464,18652681,http://www.ncbi.nlm.nih.gov/pubmed/18652681,,,
468,18652681,http://www.ncbi.nlm.nih.gov/pubmed/18652681,,,
469,18652681,http://www.ncbi.nlm.nih.gov/pubmed/18652681,,,
470,18652681,http://www.ncbi.nlm.nih.gov/pubmed/18652681,,,
471,18652681,http://www.ncbi.nlm.nih.gov/pubmed/18652681,,,
463,18652681,http://www.ncbi.nlm.nih.gov/pubmed/18652681,,,
462,18652681,http://www.ncbi.nlm.nih.gov/pubmed/18652681,,,
96,21640703,http://www.ncbi.nlm.nih.gov/pubmed/21640703,,,
99,18178224,http://www.ncbi.nlm.nih.gov/pubmed/18178224,,,
98,18178224,http://www.ncbi.nlm.nih.gov/pubmed/18178224,,,
95,21640703,http://www.ncbi.nlm.nih.gov/pubmed/21640703,,,
97,21640703,http://www.ncbi.nlm.nih.gov/pubmed/21640703,,,
94,10675534,http://www.ncbi.nlm.nih.gov/pubmed/10675534,,,
122,10225860,http://www.ncbi.nlm.nih.gov/pubmed/10225860,,,
371,17942670,http://www.ncbi.nlm.nih.gov/pubmed/17942670,,,
124,15322032,http://www.ncbi.nlm.nih.gov/pubmed/15322032,,,
287,12640357,http://www.ncbi.nlm.nih.gov/pubmed/12640357,,,
337,16953581,http://www.ncbi.nlm.nih.gov/pubmed/16953581,,,
686,16177339,http://www.ncbi.nlm.nih.gov/pubmed/16177339,,,
217,11953368,http://www.ncbi.nlm.nih.gov/pubmed/11953368,,,
218,11953368,http://www.ncbi.nlm.nih.gov/pubmed/11953368,,,
219,11953368,http://www.ncbi.nlm.nih.gov/pubmed/11953368,,,
123,10225860,http://www.ncbi.nlm.nih.gov/pubmed/10225860,,,
722,10219594,http://www.ncbi.nlm.nih.gov/pubmed/10219594,,,
605,10338487,http://www.ncbi.nlm.nih.gov/pubmed/10338487,,,
250,7527546,http://www.ncbi.nlm.nih.gov/pubmed/7527546,,,
251,1091565,http://www.ncbi.nlm.nih.gov/pubmed/1091565,,,
252,1091565,http://www.ncbi.nlm.nih.gov/pubmed/1091565,,,
253,1091565,http://www.ncbi.nlm.nih.gov/pubmed/1091565,,,
254,1091565,http://www.ncbi.nlm.nih.gov/pubmed/1091565,,,
255,7696856,http://www.ncbi.nlm.nih.gov/pubmed/7696856,,,
256,3290106,http://www.ncbi.nlm.nih.gov/pubmed/3290106,,,
257,3290106,http://www.ncbi.nlm.nih.gov/pubmed/3290106,,,
258,3290106,http://www.ncbi.nlm.nih.gov/pubmed/3290106,,,
259,3290106,http://www.ncbi.nlm.nih.gov/pubmed/3290106,,,
260,3290106,http://www.ncbi.nlm.nih.gov/pubmed/3290106,,,
261,3290106,http://www.ncbi.nlm.nih.gov/pubmed/3290106,,,
262,3290106,http://www.ncbi.nlm.nih.gov/pubmed/3290106,,,
263,3290106,http://www.ncbi.nlm.nih.gov/pubmed/3290106,,,
264,3290106,http://www.ncbi.nlm.nih.gov/pubmed/3290106,,,
265,3290106,http://www.ncbi.nlm.nih.gov/pubmed/3290106,,,
266,3290106,http://www.ncbi.nlm.nih.gov/pubmed/3290106,,,
267,3290106,http://www.ncbi.nlm.nih.gov/pubmed/3290106,,,
268,3290106,http://www.ncbi.nlm.nih.gov/pubmed/3290106,,,
269,3290106,http://www.ncbi.nlm.nih.gov/pubmed/3290106,,,
270,3290106,http://www.ncbi.nlm.nih.gov/pubmed/3290106,,,
271,11179385,http://www.ncbi.nlm.nih.gov/pubmed/11179385,,,
272,11179385,http://www.ncbi.nlm.nih.gov/pubmed/11179385,,,
273,11179385,http://www.ncbi.nlm.nih.gov/pubmed/11179385,,,
274,11179385,http://www.ncbi.nlm.nih.gov/pubmed/11179385,,,
275,11179385,http://www.ncbi.nlm.nih.gov/pubmed/11179385,,,
276,7868240,http://www.ncbi.nlm.nih.gov/pubmed/7868240,,,
277,7868240,http://www.ncbi.nlm.nih.gov/pubmed/7868240,,,
278,3284526,http://www.ncbi.nlm.nih.gov/pubmed/3284526,,,
279,3413084,http://www.ncbi.nlm.nih.gov/pubmed/3413084,,,
280,3413084,http://www.ncbi.nlm.nih.gov/pubmed/3413084,,,
281,3413084,http://www.ncbi.nlm.nih.gov/pubmed/3413084,,,
282,1894623,http://www.ncbi.nlm.nih.gov/pubmed/1894623,,,
283,1894623,http://www.ncbi.nlm.nih.gov/pubmed/1894623,,,
284,1894623,http://www.ncbi.nlm.nih.gov/pubmed/1894623,,,
285,3413084,http://www.ncbi.nlm.nih.gov/pubmed/3413084,,,
286,3413084,http://www.ncbi.nlm.nih.gov/pubmed/3413084,,,
288,3413084,http://www.ncbi.nlm.nih.gov/pubmed/3413084,,,
289,3413084,http://www.ncbi.nlm.nih.gov/pubmed/3413084,,,
291,3413084,http://www.ncbi.nlm.nih.gov/pubmed/3413084,,,
292,3413084,http://www.ncbi.nlm.nih.gov/pubmed/3413084,,,
293,3413084,http://www.ncbi.nlm.nih.gov/pubmed/3413084,,,
294,12704182,http://www.ncbi.nlm.nih.gov/pubmed/12704182,,,
295,12704182,http://www.ncbi.nlm.nih.gov/pubmed/12704182,,,
296,12704182,http://www.ncbi.nlm.nih.gov/pubmed/12704182,,,
297,12704182,http://www.ncbi.nlm.nih.gov/pubmed/12704182,,,
298,12704182,http://www.ncbi.nlm.nih.gov/pubmed/12704182,,,
299,12704182,http://www.ncbi.nlm.nih.gov/pubmed/12704182,,,
300,12704182,http://www.ncbi.nlm.nih.gov/pubmed/12704182,,,
301,12704182,http://www.ncbi.nlm.nih.gov/pubmed/12704182,,,
302,12704182,http://www.ncbi.nlm.nih.gov/pubmed/12704182,,,
303,12704182,http://www.ncbi.nlm.nih.gov/pubmed/12704182,,,
304,12704182,http://www.ncbi.nlm.nih.gov/pubmed/12704182,,,
305,12704182,http://www.ncbi.nlm.nih.gov/pubmed/12704182,,,
306,12704182,http://www.ncbi.nlm.nih.gov/pubmed/12704182,,,
307,12704182,http://www.ncbi.nlm.nih.gov/pubmed/12704182,,,
308,12704182,http://www.ncbi.nlm.nih.gov/pubmed/12704182,,,
309,12704182,http://www.ncbi.nlm.nih.gov/pubmed/12704182,,,
310,12704182,http://www.ncbi.nlm.nih.gov/pubmed/12704182,,,
311,12704182,http://www.ncbi.nlm.nih.gov/pubmed/12704182,,,
312,12704182,http://www.ncbi.nlm.nih.gov/pubmed/12704182,,,
313,12704182,http://www.ncbi.nlm.nih.gov/pubmed/12704182,,,
314,12704182,http://www.ncbi.nlm.nih.gov/pubmed/12704182,,,
315,12704182,http://www.ncbi.nlm.nih.gov/pubmed/12704182,,,
316,12704182,http://www.ncbi.nlm.nih.gov/pubmed/12704182,,,
317,12704182,http://www.ncbi.nlm.nih.gov/pubmed/12704182,,,
319,12704182,http://www.ncbi.nlm.nih.gov/pubmed/12704182,,,
320,12704182,http://www.ncbi.nlm.nih.gov/pubmed/12704182,,,
321,12704182,http://www.ncbi.nlm.nih.gov/pubmed/12704182,,,
322,12704182,http://www.ncbi.nlm.nih.gov/pubmed/12704182,,,
324,10569742,http://www.ncbi.nlm.nih.gov/pubmed/10569742,,,
325,12704182,http://www.ncbi.nlm.nih.gov/pubmed/12704182,,,
326,12704182,http://www.ncbi.nlm.nih.gov/pubmed/12704182,,,
327,12704182,http://www.ncbi.nlm.nih.gov/pubmed/12704182,,,
328,12704182,http://www.ncbi.nlm.nih.gov/pubmed/12704182,,,
329,12704182,http://www.ncbi.nlm.nih.gov/pubmed/12704182,,,
333,9169796,http://www.ncbi.nlm.nih.gov/pubmed/9169796,,,
334,9169796,http://www.ncbi.nlm.nih.gov/pubmed/9169796,,,
335,9169796,http://www.ncbi.nlm.nih.gov/pubmed/9169796,,,
338,9499377,http://www.ncbi.nlm.nih.gov/pubmed/9499377,,,
339,9499377,http://www.ncbi.nlm.nih.gov/pubmed/9499377,,,
340,9499377,http://www.ncbi.nlm.nih.gov/pubmed/9499377,,,
341,9499377,http://www.ncbi.nlm.nih.gov/pubmed/9499377,,,
342,9499377,http://www.ncbi.nlm.nih.gov/pubmed/9499377,,,
343,15659615,http://www.ncbi.nlm.nih.gov/pubmed/15659615,,,
344,9228091,http://www.ncbi.nlm.nih.gov/pubmed/9228091,,,
345,9228091,http://www.ncbi.nlm.nih.gov/pubmed/9228091,,,
346,9228091,http://www.ncbi.nlm.nih.gov/pubmed/9228091,,,
347,9228091,http://www.ncbi.nlm.nih.gov/pubmed/9228091,,,
348,9228091,http://www.ncbi.nlm.nih.gov/pubmed/9228091,,,
349,9228091,http://www.ncbi.nlm.nih.gov/pubmed/9228091,,,
350,9228091,http://www.ncbi.nlm.nih.gov/pubmed/9228091,,,
351,9228091,http://www.ncbi.nlm.nih.gov/pubmed/9228091,,,
352,9228091,http://www.ncbi.nlm.nih.gov/pubmed/9228091,,,
353,2459065,http://www.ncbi.nlm.nih.gov/pubmed/2459065,,,
354,10406842,http://www.ncbi.nlm.nih.gov/pubmed/10406842,,,
357,2194958,http://www.ncbi.nlm.nih.gov/pubmed/2194958,,,
358,2194958,http://www.ncbi.nlm.nih.gov/pubmed/2194958,,,
361,9261399,http://www.ncbi.nlm.nih.gov/pubmed/9261399,,,
362,8806582,http://www.ncbi.nlm.nih.gov/pubmed/8806582,,,
363,7594654,http://www.ncbi.nlm.nih.gov/pubmed/7594654,,,
364,7594654,http://www.ncbi.nlm.nih.gov/pubmed/7594654,,,
365,7594654,http://www.ncbi.nlm.nih.gov/pubmed/7594654,,,
366,7594654,http://www.ncbi.nlm.nih.gov/pubmed/7594654,,,
367,7870741,http://www.ncbi.nlm.nih.gov/pubmed/7870741,,,
368,7870741,http://www.ncbi.nlm.nih.gov/pubmed/7870741,,,
369,7870741,http://www.ncbi.nlm.nih.gov/pubmed/7870741,,,
370,7870741,http://www.ncbi.nlm.nih.gov/pubmed/7870741,,,
373,7870741,http://www.ncbi.nlm.nih.gov/pubmed/7870741,,,
376,11030743,http://www.ncbi.nlm.nih.gov/pubmed/11030743,,,
377,9201232,http://www.ncbi.nlm.nih.gov/pubmed/9201232,,,
378,9201232,http://www.ncbi.nlm.nih.gov/pubmed/9201232,,,
379,11030743,http://www.ncbi.nlm.nih.gov/pubmed/11030743,,,
380,7870741,http://www.ncbi.nlm.nih.gov/pubmed/7870741,,,
381,7870741,http://www.ncbi.nlm.nih.gov/pubmed/7870741,,,
382,7870741,http://www.ncbi.nlm.nih.gov/pubmed/7870741,,,
383,7870741,http://www.ncbi.nlm.nih.gov/pubmed/7870741,,,
384,7870741,http://www.ncbi.nlm.nih.gov/pubmed/7870741,,,
385,7870741,http://www.ncbi.nlm.nih.gov/pubmed/7870741,,,
386,7975212,http://www.ncbi.nlm.nih.gov/pubmed/7975212,,,
387,7975212,http://www.ncbi.nlm.nih.gov/pubmed/7975212,,,
388,9201232,http://www.ncbi.nlm.nih.gov/pubmed/9201232,,,
403,2476569,http://www.ncbi.nlm.nih.gov/pubmed/2476569,,,
404,2476569,http://www.ncbi.nlm.nih.gov/pubmed/2476569,,,
405,2476569,http://www.ncbi.nlm.nih.gov/pubmed/2476569,,,
406,2476569,http://www.ncbi.nlm.nih.gov/pubmed/2476569,,,
407,2476569,http://www.ncbi.nlm.nih.gov/pubmed/2476569,,,
408,2476569,http://www.ncbi.nlm.nih.gov/pubmed/2476569,,,
419,9882316,http://www.ncbi.nlm.nih.gov/pubmed/9882316,,,
477,10954551,http://www.ncbi.nlm.nih.gov/pubmed/10954551,,,
478,10954551,http://www.ncbi.nlm.nih.gov/pubmed/10954551,,,
479,3413084,http://www.ncbi.nlm.nih.gov/pubmed/3413084,,,
480,2885220,http://www.ncbi.nlm.nih.gov/pubmed/2885220,,,
481,3413084,http://www.ncbi.nlm.nih.gov/pubmed/3413084,,,
482,3413084,http://www.ncbi.nlm.nih.gov/pubmed/3413084,,,
485,8912650,http://www.ncbi.nlm.nih.gov/pubmed/8912650,,,
486,8912650,http://www.ncbi.nlm.nih.gov/pubmed/8912650,,,
487,8912650,http://www.ncbi.nlm.nih.gov/pubmed/8912650,,,
488,8912650,http://www.ncbi.nlm.nih.gov/pubmed/8912650,,,
489,8912650,http://www.ncbi.nlm.nih.gov/pubmed/8912650,,,
490,8912650,http://www.ncbi.nlm.nih.gov/pubmed/8912650,,,
491,11087711,http://www.ncbi.nlm.nih.gov/pubmed/11087711,,,
492,11087711,http://www.ncbi.nlm.nih.gov/pubmed/11087711,,,
493,11087711,http://www.ncbi.nlm.nih.gov/pubmed/11087711,,,
494,11087711,http://www.ncbi.nlm.nih.gov/pubmed/11087711,,,
495,11087711,http://www.ncbi.nlm.nih.gov/pubmed/11087711,,,
496,11087711,http://www.ncbi.nlm.nih.gov/pubmed/11087711,,,
497,11087711,http://www.ncbi.nlm.nih.gov/pubmed/11087711,,,
498,11087711,http://www.ncbi.nlm.nih.gov/pubmed/11087711,,,
499,11087711,http://www.ncbi.nlm.nih.gov/pubmed/11087711,,,
500,14687561,http://www.ncbi.nlm.nih.gov/pubmed/14687561,,,
501,14687561,http://www.ncbi.nlm.nih.gov/pubmed/14687561,,,
502,14687561,http://www.ncbi.nlm.nih.gov/pubmed/14687561,,,
503,14687561,http://www.ncbi.nlm.nih.gov/pubmed/14687561,,,
504,14687561,http://www.ncbi.nlm.nih.gov/pubmed/14687561,,,
505,16088272,http://www.ncbi.nlm.nih.gov/pubmed/16088272,,,
506,16088272,http://www.ncbi.nlm.nih.gov/pubmed/16088272,,,
507,16088272,http://www.ncbi.nlm.nih.gov/pubmed/16088272,,,
508,16088272,http://www.ncbi.nlm.nih.gov/pubmed/16088272,,,
509,12137200,http://www.ncbi.nlm.nih.gov/pubmed/12137200,,,
510,12137200,http://www.ncbi.nlm.nih.gov/pubmed/12137200,,,
511,2885220,http://www.ncbi.nlm.nih.gov/pubmed/2885220,,,
512,2885220,http://www.ncbi.nlm.nih.gov/pubmed/2885220,,,
513,2470753,http://www.ncbi.nlm.nih.gov/pubmed/2470753,,,
514,2470753,http://www.ncbi.nlm.nih.gov/pubmed/2470753,,,
515,2470753,http://www.ncbi.nlm.nih.gov/pubmed/2470753,,,
516,2470753,http://www.ncbi.nlm.nih.gov/pubmed/2470753,,,
517,2470753,http://www.ncbi.nlm.nih.gov/pubmed/2470753,,,
518,2470753,http://www.ncbi.nlm.nih.gov/pubmed/2470753,,,
519,2470753,http://www.ncbi.nlm.nih.gov/pubmed/2470753,,,
520,2470753,http://www.ncbi.nlm.nih.gov/pubmed/2470753,,,
521,2470753,http://www.ncbi.nlm.nih.gov/pubmed/2470753,,,
522,2115881,http://www.ncbi.nlm.nih.gov/pubmed/2115881,,,
523,2115881,http://www.ncbi.nlm.nih.gov/pubmed/2115881,,,
524,2898784,http://www.ncbi.nlm.nih.gov/pubmed/2898784,,,
525,2898784,http://www.ncbi.nlm.nih.gov/pubmed/2898784,,,
526,2898784,http://www.ncbi.nlm.nih.gov/pubmed/2898784,,,
527,2898784,http://www.ncbi.nlm.nih.gov/pubmed/2898784,,,
528,2898784,http://www.ncbi.nlm.nih.gov/pubmed/2898784,,,
529,2898784,http://www.ncbi.nlm.nih.gov/pubmed/2898784,,,
530,2898784,http://www.ncbi.nlm.nih.gov/pubmed/2898784,,,
531,2898784,http://www.ncbi.nlm.nih.gov/pubmed/2898784,,,
532,2898784,http://www.ncbi.nlm.nih.gov/pubmed/2898784,,,
533,2898784,http://www.ncbi.nlm.nih.gov/pubmed/2898784,,,
534,2898784,http://www.ncbi.nlm.nih.gov/pubmed/2898784,,,
535,2898784,http://www.ncbi.nlm.nih.gov/pubmed/2898784,,,
536,2115881,http://www.ncbi.nlm.nih.gov/pubmed/2115881,,,
537,2115881,http://www.ncbi.nlm.nih.gov/pubmed/2115881,,,
538,2115881,http://www.ncbi.nlm.nih.gov/pubmed/2115881,,,
539,2115881,http://www.ncbi.nlm.nih.gov/pubmed/2115881,,,
540,2115881,http://www.ncbi.nlm.nih.gov/pubmed/2115881,,,
541,2115881,http://www.ncbi.nlm.nih.gov/pubmed/2115881,,,
542,2468365,http://www.ncbi.nlm.nih.gov/pubmed/2468365,,,
543,2468365,http://www.ncbi.nlm.nih.gov/pubmed/2468365,,,
544,2468365,http://www.ncbi.nlm.nih.gov/pubmed/2468365,,,
545,2468365,http://www.ncbi.nlm.nih.gov/pubmed/2468365,,,
546,2115881,http://www.ncbi.nlm.nih.gov/pubmed/2115881,,,
547,2115881,http://www.ncbi.nlm.nih.gov/pubmed/2115881,,,
549,2115881,http://www.ncbi.nlm.nih.gov/pubmed/2115881,,,
550,2115881,http://www.ncbi.nlm.nih.gov/pubmed/2115881,,,
560,15890909,http://www.ncbi.nlm.nih.gov/pubmed/15890909,,,
561,15890909,http://www.ncbi.nlm.nih.gov/pubmed/15890909,,,
562,15890909,http://www.ncbi.nlm.nih.gov/pubmed/15890909,,,
563,15890909,http://www.ncbi.nlm.nih.gov/pubmed/15890909,,,
564,15890909,http://www.ncbi.nlm.nih.gov/pubmed/15890909,,,
569,15893670,http://www.ncbi.nlm.nih.gov/pubmed/15893670,,,
581,3308959,http://www.ncbi.nlm.nih.gov/pubmed/3308959,,,
585,9261399,http://www.ncbi.nlm.nih.gov/pubmed/9261399,,,
586,2435422,http://www.ncbi.nlm.nih.gov/pubmed/2435422,,,
646,2194958,http://www.ncbi.nlm.nih.gov/pubmed/2194958,,,
647,2194958,http://www.ncbi.nlm.nih.gov/pubmed/2194958,,,
649,2885220,http://www.ncbi.nlm.nih.gov/pubmed/2885220,,,
650,8174985,http://www.ncbi.nlm.nih.gov/pubmed/8174985,,,
651,8174985,http://www.ncbi.nlm.nih.gov/pubmed/8174985,,,
653,8395448,http://www.ncbi.nlm.nih.gov/pubmed/8395448,,,
654,9261399,http://www.ncbi.nlm.nih.gov/pubmed/9261399,,,
655,7827024,http://www.ncbi.nlm.nih.gov/pubmed/7827024,,,
656,11312330,http://www.ncbi.nlm.nih.gov/pubmed/11312330,,,
657,11312330,http://www.ncbi.nlm.nih.gov/pubmed/11312330,,,
658,11312330,http://www.ncbi.nlm.nih.gov/pubmed/11312330,,,
659,11312330,http://www.ncbi.nlm.nih.gov/pubmed/11312330,,,
660,11312330,http://www.ncbi.nlm.nih.gov/pubmed/11312330,,,
661,11312330,http://www.ncbi.nlm.nih.gov/pubmed/11312330,,,
662,11312330,http://www.ncbi.nlm.nih.gov/pubmed/11312330,,,
663,11312330,http://www.ncbi.nlm.nih.gov/pubmed/11312330,,,
664,11312330,http://www.ncbi.nlm.nih.gov/pubmed/11312330,,,
665,11312330,http://www.ncbi.nlm.nih.gov/pubmed/11312330,,,
666,2885220,http://www.ncbi.nlm.nih.gov/pubmed/2885220,,,
667,9712788,http://www.ncbi.nlm.nih.gov/pubmed/9712788,,,
668,9712788,http://www.ncbi.nlm.nih.gov/pubmed/9712788,,,
671,3543013,http://www.ncbi.nlm.nih.gov/pubmed/3543013,,,
672,3543013,http://www.ncbi.nlm.nih.gov/pubmed/3543013,,,
673,3543013,http://www.ncbi.nlm.nih.gov/pubmed/3543013,,,
674,3543013,http://www.ncbi.nlm.nih.gov/pubmed/3543013,,,
675,3543013,http://www.ncbi.nlm.nih.gov/pubmed/3543013,,,
676,2885220,http://www.ncbi.nlm.nih.gov/pubmed/2885220,,,
677,2194958,http://www.ncbi.nlm.nih.gov/pubmed/2194958,,,
678,2194958,http://www.ncbi.nlm.nih.gov/pubmed/2194958,,,
679,17895522,http://www.ncbi.nlm.nih.gov/pubmed/17895522,,,
680,7655170,http://www.ncbi.nlm.nih.gov/pubmed/7655170,,,
681,3413084,http://www.ncbi.nlm.nih.gov/pubmed/3413084,,,
691,9393794,http://www.ncbi.nlm.nih.gov/pubmed/9393794,,,
692,2885220,http://www.ncbi.nlm.nih.gov/pubmed/2885220,,,
694,3413084,http://www.ncbi.nlm.nih.gov/pubmed/3413084,,,
695,3413084,http://www.ncbi.nlm.nih.gov/pubmed/3413084,,,
696,3413084,http://www.ncbi.nlm.nih.gov/pubmed/3413084,,,
697,2885220,http://www.ncbi.nlm.nih.gov/pubmed/2885220,,,
698,6886624,http://www.ncbi.nlm.nih.gov/pubmed/6886624,,,
572,11312330,http://www.ncbi.nlm.nih.gov/pubmed/11312330,,,
700,6886624,http://www.ncbi.nlm.nih.gov/pubmed/6886624,,,
701,3413084,http://www.ncbi.nlm.nih.gov/pubmed/3413084,,,
702,3413084,http://www.ncbi.nlm.nih.gov/pubmed/3413084,,,
703,7752878,http://www.ncbi.nlm.nih.gov/pubmed/7752878,,,
705,2885220,http://www.ncbi.nlm.nih.gov/pubmed/2885220,,,
707,8440715,http://www.ncbi.nlm.nih.gov/pubmed/8440715,,,
708,8440715,http://www.ncbi.nlm.nih.gov/pubmed/8440715,,,
709,8440715,http://www.ncbi.nlm.nih.gov/pubmed/8440715,,,
713,7961660,http://www.ncbi.nlm.nih.gov/pubmed/7961660,,,
718,11555616,http://www.ncbi.nlm.nih.gov/pubmed/11555616,,,
719,8157640,http://www.ncbi.nlm.nih.gov/pubmed/8157640,,,
720,10049907,http://www.ncbi.nlm.nih.gov/pubmed/10049907,,,
721,10049907,http://www.ncbi.nlm.nih.gov/pubmed/10049907,,,
723,2885220,http://www.ncbi.nlm.nih.gov/pubmed/2885220,,,
725,4810267,http://www.ncbi.nlm.nih.gov/pubmed/4810267,,,
726,3290106,http://www.ncbi.nlm.nih.gov/pubmed/3290106,,,
727,3290106,http://www.ncbi.nlm.nih.gov/pubmed/3290106,,,
728,3290106,http://www.ncbi.nlm.nih.gov/pubmed/3290106,,,
729,9038159,http://www.ncbi.nlm.nih.gov/pubmed/9038159,,,
730,9038159,http://www.ncbi.nlm.nih.gov/pubmed/9038159,,,
731,7527546,http://www.ncbi.nlm.nih.gov/pubmed/7527546,,,
732,7527546,http://www.ncbi.nlm.nih.gov/pubmed/7527546,,,
733,7527546,http://www.ncbi.nlm.nih.gov/pubmed/7527546,,,
734,7527546,http://www.ncbi.nlm.nih.gov/pubmed/7527546,,,
735,7527546,http://www.ncbi.nlm.nih.gov/pubmed/7527546,,,
736,7527546,http://www.ncbi.nlm.nih.gov/pubmed/7527546,,,
737,7527546,http://www.ncbi.nlm.nih.gov/pubmed/7527546,,,
738,214384,http://www.ncbi.nlm.nih.gov/pubmed/214384,,,
739,10049907,http://www.ncbi.nlm.nih.gov/pubmed/10049907,,,
740,10049907,http://www.ncbi.nlm.nih.gov/pubmed/10049907,,,
741,10049907,http://www.ncbi.nlm.nih.gov/pubmed/10049907,,,
744,14576169,http://www.ncbi.nlm.nih.gov/pubmed/14576169,,,
745,16567801,http://www.ncbi.nlm.nih.gov/pubmed/16567801,,,
745,14576169,http://www.ncbi.nlm.nih.gov/pubmed/14576169,,,
2,10496867,http://www.ncbi.nlm.nih.gov/pubmed/10496867,,,
3,10496867,http://www.ncbi.nlm.nih.gov/pubmed/10496867,,,
4,10496867,http://www.ncbi.nlm.nih.gov/pubmed/10496867,,,
5,10496867,http://www.ncbi.nlm.nih.gov/pubmed/10496867,,,
6,10496867,http://www.ncbi.nlm.nih.gov/pubmed/10496867,,,
7,10496867,http://www.ncbi.nlm.nih.gov/pubmed/10496867,,,
8,10496867,http://www.ncbi.nlm.nih.gov/pubmed/10496867,,,
9,10496867,http://www.ncbi.nlm.nih.gov/pubmed/10496867,,,
10,10496867,http://www.ncbi.nlm.nih.gov/pubmed/10496867,,,
11,2885220,http://www.ncbi.nlm.nih.gov/pubmed/2885220,,,
13,7790078,http://www.ncbi.nlm.nih.gov/pubmed/7790078,,,
14,9712794,http://www.ncbi.nlm.nih.gov/pubmed/9712794,,,
15,2358461,http://www.ncbi.nlm.nih.gov/pubmed/2358461,,,
16,2358461,http://www.ncbi.nlm.nih.gov/pubmed/2358461,,,
17,2358461,http://www.ncbi.nlm.nih.gov/pubmed/2358461,,,
18,2358461,http://www.ncbi.nlm.nih.gov/pubmed/2358461,,,
19,2358461,http://www.ncbi.nlm.nih.gov/pubmed/2358461,,,
20,2358461,http://www.ncbi.nlm.nih.gov/pubmed/2358461,,,
21,2358461,http://www.ncbi.nlm.nih.gov/pubmed/2358461,,,
22,2358461,http://www.ncbi.nlm.nih.gov/pubmed/2358461,,,
23,2358461,http://www.ncbi.nlm.nih.gov/pubmed/2358461,,,
24,2358461,http://www.ncbi.nlm.nih.gov/pubmed/2358461,,,
25,2358461,http://www.ncbi.nlm.nih.gov/pubmed/2358461,,,
26,2358461,http://www.ncbi.nlm.nih.gov/pubmed/2358461,,,
27,2358461,http://www.ncbi.nlm.nih.gov/pubmed/2358461,,,
28,2358461,http://www.ncbi.nlm.nih.gov/pubmed/2358461,,,
29,3804448,http://www.ncbi.nlm.nih.gov/pubmed/3804448,,,
30,3804448,http://www.ncbi.nlm.nih.gov/pubmed/3804448,,,
31,3804448,http://www.ncbi.nlm.nih.gov/pubmed/3804448,,,
32,3804448,http://www.ncbi.nlm.nih.gov/pubmed/3804448,,,
33,3804448,http://www.ncbi.nlm.nih.gov/pubmed/3804448,,,
34,3804448,http://www.ncbi.nlm.nih.gov/pubmed/3804448,,,
35,3804448,http://www.ncbi.nlm.nih.gov/pubmed/3804448,,,
36,11035744,http://www.ncbi.nlm.nih.gov/pubmed/11035744,,,
37,11035744,http://www.ncbi.nlm.nih.gov/pubmed/11035744,,,
38,7710097,http://www.ncbi.nlm.nih.gov/pubmed/7710097,,,
40,2885220,http://www.ncbi.nlm.nih.gov/pubmed/2885220,,,
41,2358461,http://www.ncbi.nlm.nih.gov/pubmed/2358461,,,
42,2358461,http://www.ncbi.nlm.nih.gov/pubmed/2358461,,,
43,2358461,http://www.ncbi.nlm.nih.gov/pubmed/2358461,,,
44,2358461,http://www.ncbi.nlm.nih.gov/pubmed/2358461,,,
45,2358461,http://www.ncbi.nlm.nih.gov/pubmed/2358461,,,
46,2358461,http://www.ncbi.nlm.nih.gov/pubmed/2358461,,,
48,1918002,http://www.ncbi.nlm.nih.gov/pubmed/1918002,,,
51,7622201,http://www.ncbi.nlm.nih.gov/pubmed/7622201,,,
52,7622201,http://www.ncbi.nlm.nih.gov/pubmed/7622201,,,
53,7622201,http://www.ncbi.nlm.nih.gov/pubmed/7622201,,,
54,7622201,http://www.ncbi.nlm.nih.gov/pubmed/7622201,,,
55,1620344,http://www.ncbi.nlm.nih.gov/pubmed/1620344,,,
56,16088272,http://www.ncbi.nlm.nih.gov/pubmed/16088272,,,
57,16088272,http://www.ncbi.nlm.nih.gov/pubmed/16088272,,,
58,16088272,http://www.ncbi.nlm.nih.gov/pubmed/16088272,,,
59,16088272,http://www.ncbi.nlm.nih.gov/pubmed/16088272,,,
61,8606110,http://www.ncbi.nlm.nih.gov/pubmed/8606110,,,
62,8606110,http://www.ncbi.nlm.nih.gov/pubmed/8606110,,,
63,3413084,http://www.ncbi.nlm.nih.gov/pubmed/3413084,,,
699,6886624,http://www.ncbi.nlm.nih.gov/pubmed/6886624,,,
573,11312330,http://www.ncbi.nlm.nih.gov/pubmed/11312330,,,
575,11312330,http://www.ncbi.nlm.nih.gov/pubmed/11312330,,,
570,11312330,http://www.ncbi.nlm.nih.gov/pubmed/11312330,,,
165,10816509,http://www.ncbi.nlm.nih.gov/pubmed/10816509,,,
574,11312330,http://www.ncbi.nlm.nih.gov/pubmed/11312330,,,
166,10816509,http://www.ncbi.nlm.nih.gov/pubmed/10816509,,,
167,10816509,http://www.ncbi.nlm.nih.gov/pubmed/10816509,,,
160,10816509,http://www.ncbi.nlm.nih.gov/pubmed/10816509,,,
161,10816509,http://www.ncbi.nlm.nih.gov/pubmed/10816509,,,
162,10816509,http://www.ncbi.nlm.nih.gov/pubmed/10816509,,,
163,10816509,http://www.ncbi.nlm.nih.gov/pubmed/10816509,,,
164,10816509,http://www.ncbi.nlm.nih.gov/pubmed/10816509,,,
576,11312330,http://www.ncbi.nlm.nih.gov/pubmed/11312330,,,
579,11312330,http://www.ncbi.nlm.nih.gov/pubmed/11312330,,,
578,11312330,http://www.ncbi.nlm.nih.gov/pubmed/11312330,,,
577,11312330,http://www.ncbi.nlm.nih.gov/pubmed/11312330,,,
571,11312330,http://www.ncbi.nlm.nih.gov/pubmed/11312330,,,
1,10496867,http://www.ncbi.nlm.nih.gov/pubmed/10496867,,,
64,3413084,http://www.ncbi.nlm.nih.gov/pubmed/3413084,,,
682,3413084,http://www.ncbi.nlm.nih.gov/pubmed/3413084,,,
683,7708767,http://www.ncbi.nlm.nih.gov/pubmed/7708767,,,
684,2885220,http://www.ncbi.nlm.nih.gov/pubmed/2885220,,,
685,3413084,http://www.ncbi.nlm.nih.gov/pubmed/3413084,,,
687,11035744,http://www.ncbi.nlm.nih.gov/pubmed/11035744,,,
688,11035744,http://www.ncbi.nlm.nih.gov/pubmed/11035744,,,
690,9393794,http://www.ncbi.nlm.nih.gov/pubmed/9393794,,,
614,2885220,http://www.ncbi.nlm.nih.gov/pubmed/2885220,,,
65,3413084,http://www.ncbi.nlm.nih.gov/pubmed/3413084,,,
66,3413084,http://www.ncbi.nlm.nih.gov/pubmed/3413084,,,
67,3413084,http://www.ncbi.nlm.nih.gov/pubmed/3413084,,,
69,10497993,http://www.ncbi.nlm.nih.gov/pubmed/10497993,,,
70,10497993,http://www.ncbi.nlm.nih.gov/pubmed/10497993,,,
71,10497993,http://www.ncbi.nlm.nih.gov/pubmed/10497993,,,
72,10497993,http://www.ncbi.nlm.nih.gov/pubmed/10497993,,,
73,10497993,http://www.ncbi.nlm.nih.gov/pubmed/10497993,,,
74,10497993,http://www.ncbi.nlm.nih.gov/pubmed/10497993,,,
75,10497993,http://www.ncbi.nlm.nih.gov/pubmed/10497993,,,
76,10497993,http://www.ncbi.nlm.nih.gov/pubmed/10497993,,,
77,10497993,http://www.ncbi.nlm.nih.gov/pubmed/10497993,,,
78,10497993,http://www.ncbi.nlm.nih.gov/pubmed/10497993,,,
79,12562767,http://www.ncbi.nlm.nih.gov/pubmed/12562767,,,
80,8004056,http://www.ncbi.nlm.nih.gov/pubmed/8004056,,,
81,8926069,http://www.ncbi.nlm.nih.gov/pubmed/8926069,,,
82,2194958,http://www.ncbi.nlm.nih.gov/pubmed/2194958,,,
83,2194958,http://www.ncbi.nlm.nih.gov/pubmed/2194958,,,
84,2194958,http://www.ncbi.nlm.nih.gov/pubmed/2194958,,,
85,8005674,http://www.ncbi.nlm.nih.gov/pubmed/8005674,,,
86,8005674,http://www.ncbi.nlm.nih.gov/pubmed/8005674,,,
87,8005674,http://www.ncbi.nlm.nih.gov/pubmed/8005674,,,
88,2025240,http://www.ncbi.nlm.nih.gov/pubmed/2025240,,,
89,2025240,http://www.ncbi.nlm.nih.gov/pubmed/2025240,,,
90,2025240,http://www.ncbi.nlm.nih.gov/pubmed/2025240,,,
91,2025240,http://www.ncbi.nlm.nih.gov/pubmed/2025240,,,
93,11283277,http://www.ncbi.nlm.nih.gov/pubmed/11283277,,,
102,20219474,http://www.ncbi.nlm.nih.gov/pubmed/20219474,,,
103,6768400,http://www.ncbi.nlm.nih.gov/pubmed/6768400,,,
106,2554536,http://www.ncbi.nlm.nih.gov/pubmed/2554536,,,
107,10526222,http://www.ncbi.nlm.nih.gov/pubmed/10526222,,,
110,6257717,http://www.ncbi.nlm.nih.gov/pubmed/6257717,,,
111,9038159,http://www.ncbi.nlm.nih.gov/pubmed/9038159,,,
112,9038159,http://www.ncbi.nlm.nih.gov/pubmed/9038159,,,
113,7527546,http://www.ncbi.nlm.nih.gov/pubmed/7527546,,,
114,7527546,http://www.ncbi.nlm.nih.gov/pubmed/7527546,,,
115,7527546,http://www.ncbi.nlm.nih.gov/pubmed/7527546,,,
117,2194958,http://www.ncbi.nlm.nih.gov/pubmed/2194958,,,
118,2194958,http://www.ncbi.nlm.nih.gov/pubmed/2194958,,,
119,2194958,http://www.ncbi.nlm.nih.gov/pubmed/2194958,,,
120,2194958,http://www.ncbi.nlm.nih.gov/pubmed/2194958,,,
121,2294057,http://www.ncbi.nlm.nih.gov/pubmed/2294057,,,
125,7710097,http://www.ncbi.nlm.nih.gov/pubmed/7710097,,,
127,6138149,http://www.ncbi.nlm.nih.gov/pubmed/6138149,,,
128,6138149,http://www.ncbi.nlm.nih.gov/pubmed/6138149,,,
129,6138149,http://www.ncbi.nlm.nih.gov/pubmed/6138149,,,
130,3413084,http://www.ncbi.nlm.nih.gov/pubmed/3413084,,,
131,3413084,http://www.ncbi.nlm.nih.gov/pubmed/3413084,,,
132,3413084,http://www.ncbi.nlm.nih.gov/pubmed/3413084,,,
133,14576169,http://www.ncbi.nlm.nih.gov/pubmed/14576169,,,
134,14576169,http://www.ncbi.nlm.nih.gov/pubmed/14576169,,,
135,14576169,http://www.ncbi.nlm.nih.gov/pubmed/14576169,,,
136,14576169,http://www.ncbi.nlm.nih.gov/pubmed/14576169,,,
137,14576169,http://www.ncbi.nlm.nih.gov/pubmed/14576169,,,
138,14576169,http://www.ncbi.nlm.nih.gov/pubmed/14576169,,,
139,14576169,http://www.ncbi.nlm.nih.gov/pubmed/14576169,,,
140,14576169,http://www.ncbi.nlm.nih.gov/pubmed/14576169,,,
149,7710097,http://www.ncbi.nlm.nih.gov/pubmed/7710097,,,
151,1522244,http://www.ncbi.nlm.nih.gov/pubmed/1522244,,,
152,1522244,http://www.ncbi.nlm.nih.gov/pubmed/1522244,,,
153,1522244,http://www.ncbi.nlm.nih.gov/pubmed/1522244,,,
154,1522244,http://www.ncbi.nlm.nih.gov/pubmed/1522244,,,
155,1522244,http://www.ncbi.nlm.nih.gov/pubmed/1522244,,,
156,1522244,http://www.ncbi.nlm.nih.gov/pubmed/1522244,,,
157,1522244,http://www.ncbi.nlm.nih.gov/pubmed/1522244,,,
158,1522244,http://www.ncbi.nlm.nih.gov/pubmed/1522244,,,
159,1091565,http://www.ncbi.nlm.nih.gov/pubmed/1091565,,,
168,7883703,http://www.ncbi.nlm.nih.gov/pubmed/7883703,,,
169,7849044,http://www.ncbi.nlm.nih.gov/pubmed/7849044,,,
170,11454740,http://www.ncbi.nlm.nih.gov/pubmed/11454740,,,
171,11454740,http://www.ncbi.nlm.nih.gov/pubmed/11454740,,,
173,2885220,http://www.ncbi.nlm.nih.gov/pubmed/2885220,,,
174,2885220,http://www.ncbi.nlm.nih.gov/pubmed/2885220,,,
175,2885220,http://www.ncbi.nlm.nih.gov/pubmed/2885220,,,
176,2885220,http://www.ncbi.nlm.nih.gov/pubmed/2885220,,,
177,2885220,http://www.ncbi.nlm.nih.gov/pubmed/2885220,,,
180,10992500,http://www.ncbi.nlm.nih.gov/pubmed/10992500,,,
181,10992500,http://www.ncbi.nlm.nih.gov/pubmed/10992500,,,
182,11401961,http://www.ncbi.nlm.nih.gov/pubmed/11401961,,,
188,8104898,http://www.ncbi.nlm.nih.gov/pubmed/8104898,,,
92,18704164,http://www.ncbi.nlm.nih.gov/pubmed/18704164,,,
101,19476346,http://www.ncbi.nlm.nih.gov/pubmed/19476346,,,
200,21949679,http://www.ncbi.nlm.nih.gov/pubmed/21949679,,,
201,21949679,http://www.ncbi.nlm.nih.gov/pubmed/21949679,,,
202,21949679,http://www.ncbi.nlm.nih.gov/pubmed/21949679,,,
203,21949679,http://www.ncbi.nlm.nih.gov/pubmed/21949679,,,
204,21949679,http://www.ncbi.nlm.nih.gov/pubmed/21949679,,,
205,21949679,http://www.ncbi.nlm.nih.gov/pubmed/21949679,,,
620,3413084,http://www.ncbi.nlm.nih.gov/pubmed/3413084,,,
621,3413084,http://www.ncbi.nlm.nih.gov/pubmed/3413084,,,
206,21949679,http://www.ncbi.nlm.nih.gov/pubmed/21949679,,,
207,21949679,http://www.ncbi.nlm.nih.gov/pubmed/21949679,,,
208,21949679,http://www.ncbi.nlm.nih.gov/pubmed/21949679,,,
209,21949679,http://www.ncbi.nlm.nih.gov/pubmed/21949679,,,
210,21949679,http://www.ncbi.nlm.nih.gov/pubmed/21949679,,,
211,21949679,http://www.ncbi.nlm.nih.gov/pubmed/21949679,,,
212,21949679,http://www.ncbi.nlm.nih.gov/pubmed/21949679,,,
213,21949679,http://www.ncbi.nlm.nih.gov/pubmed/21949679,,,
214,21949679,http://www.ncbi.nlm.nih.gov/pubmed/21949679,,,
215,21949679,http://www.ncbi.nlm.nih.gov/pubmed/21949679,,,
216,21949679,http://www.ncbi.nlm.nih.gov/pubmed/21949679,,,
221,7710097,http://www.ncbi.nlm.nih.gov/pubmed/7710097,,,
224,2885220,http://www.ncbi.nlm.nih.gov/pubmed/2885220,,,
226,11401961,http://www.ncbi.nlm.nih.gov/pubmed/11401961,,,
227,7721812,http://www.ncbi.nlm.nih.gov/pubmed/7721812,,,
228,7721812,http://www.ncbi.nlm.nih.gov/pubmed/7721812,,,
229,7721812,http://www.ncbi.nlm.nih.gov/pubmed/7721812,,,
230,7721812,http://www.ncbi.nlm.nih.gov/pubmed/7721812,,,
231,7721812,http://www.ncbi.nlm.nih.gov/pubmed/7721812,,,
232,7721812,http://www.ncbi.nlm.nih.gov/pubmed/7721812,,,
233,7721812,http://www.ncbi.nlm.nih.gov/pubmed/7721812,,,
234,7721812,http://www.ncbi.nlm.nih.gov/pubmed/7721812,,,
239,11890554,http://www.ncbi.nlm.nih.gov/pubmed/11890554,,,
240,9038159,http://www.ncbi.nlm.nih.gov/pubmed/9038159,,,
241,9038159,http://www.ncbi.nlm.nih.gov/pubmed/9038159,,,
242,9038159,http://www.ncbi.nlm.nih.gov/pubmed/9038159,,,
243,7527546,http://www.ncbi.nlm.nih.gov/pubmed/7527546,,,
244,7527546,http://www.ncbi.nlm.nih.gov/pubmed/7527546,,,
245,7527546,http://www.ncbi.nlm.nih.gov/pubmed/7527546,,,
246,7527546,http://www.ncbi.nlm.nih.gov/pubmed/7527546,,,
247,7527546,http://www.ncbi.nlm.nih.gov/pubmed/7527546,,,
248,7527546,http://www.ncbi.nlm.nih.gov/pubmed/7527546,,,
249,7527546,http://www.ncbi.nlm.nih.gov/pubmed/7527546,,,
587,2468365,http://www.ncbi.nlm.nih.gov/pubmed/2468365,,,
588,2468365,http://www.ncbi.nlm.nih.gov/pubmed/2468365,,,
589,2468365,http://www.ncbi.nlm.nih.gov/pubmed/2468365,,,
590,2468365,http://www.ncbi.nlm.nih.gov/pubmed/2468365,,,
591,2468365,http://www.ncbi.nlm.nih.gov/pubmed/2468365,,,
592,2468365,http://www.ncbi.nlm.nih.gov/pubmed/2468365,,,
593,2468365,http://www.ncbi.nlm.nih.gov/pubmed/2468365,,,
594,2468365,http://www.ncbi.nlm.nih.gov/pubmed/2468365,,,
595,2468365,http://www.ncbi.nlm.nih.gov/pubmed/2468365,,,
596,2358460,http://www.ncbi.nlm.nih.gov/pubmed/2358460,,,
597,2358460,http://www.ncbi.nlm.nih.gov/pubmed/2358460,,,
598,2358460,http://www.ncbi.nlm.nih.gov/pubmed/2358460,,,
599,2358460,http://www.ncbi.nlm.nih.gov/pubmed/2358460,,,
600,2358460,http://www.ncbi.nlm.nih.gov/pubmed/2358460,,,
601,2358460,http://www.ncbi.nlm.nih.gov/pubmed/2358460,,,
602,2358460,http://www.ncbi.nlm.nih.gov/pubmed/2358460,,,
603,2358460,http://www.ncbi.nlm.nih.gov/pubmed/2358460,,,
604,2358460,http://www.ncbi.nlm.nih.gov/pubmed/2358460,,,
606,3413084,http://www.ncbi.nlm.nih.gov/pubmed/3413084,,,
607,3413084,http://www.ncbi.nlm.nih.gov/pubmed/3413084,,,
608,3413084,http://www.ncbi.nlm.nih.gov/pubmed/3413084,,,
609,3413084,http://www.ncbi.nlm.nih.gov/pubmed/3413084,,,
610,3413084,http://www.ncbi.nlm.nih.gov/pubmed/3413084,,,
611,3413084,http://www.ncbi.nlm.nih.gov/pubmed/3413084,,,
612,3413084,http://www.ncbi.nlm.nih.gov/pubmed/3413084,,,
613,16762477,http://www.ncbi.nlm.nih.gov/pubmed/16762477,,,
622,7708767,http://www.ncbi.nlm.nih.gov/pubmed/7708767,,,
623,16088272,http://www.ncbi.nlm.nih.gov/pubmed/16088272,,,
624,16088272,http://www.ncbi.nlm.nih.gov/pubmed/16088272,,,
625,16088272,http://www.ncbi.nlm.nih.gov/pubmed/16088272,,,
626,16088272,http://www.ncbi.nlm.nih.gov/pubmed/16088272,,,
627,9261399,http://www.ncbi.nlm.nih.gov/pubmed/9261399,,,
100,21749855,http://www.ncbi.nlm.nih.gov/pubmed/21749855,,,
711,7499414,http://www.ncbi.nlm.nih.gov/pubmed/7499414,,,
710,7499414,http://www.ncbi.nlm.nih.gov/pubmed/7499414,,,
618,15049333,http://www.ncbi.nlm.nih.gov/pubmed/15049333,,,
619,15049333,http://www.ncbi.nlm.nih.gov/pubmed/15049333,,,
742,9712817,http://www.ncbi.nlm.nih.gov/pubmed/9712817,,,
225,10531281,http://www.ncbi.nlm.nih.gov/pubmed/10531281,,,
225,6116675,http://www.ncbi.nlm.nih.gov/pubmed/6116675,,,
225,9973330,http://www.ncbi.nlm.nih.gov/pubmed/9973330,,,
237,12640357,http://www.ncbi.nlm.nih.gov/pubmed/12640357,,,
145,10531225,http://www.ncbi.nlm.nih.gov/pubmed/10531225,,,
222,11454740,http://www.ncbi.nlm.nih.gov/pubmed/11454740,,,
223,11454740,http://www.ncbi.nlm.nih.gov/pubmed/11454740,,,
616,9224879,http://www.ncbi.nlm.nih.gov/pubmed/9224879,,,
198,2898091,http://www.ncbi.nlm.nih.gov/pubmed/2898091,,,
185,12640357,http://www.ncbi.nlm.nih.gov/pubmed/12640357,,,
49,1729677,http://www.ncbi.nlm.nih.gov/pubmed/1729677,,,
50,1729677,http://www.ncbi.nlm.nih.gov/pubmed/1729677,,,
323,14977958,http://www.ncbi.nlm.nih.gov/pubmed/14977958,,,
332,14977958,http://www.ncbi.nlm.nih.gov/pubmed/14977958,,,
330,14977958,http://www.ncbi.nlm.nih.gov/pubmed/14977958,,,
186,12640357,http://www.ncbi.nlm.nih.gov/pubmed/12640357,,,
197,6146600,http://www.ncbi.nlm.nih.gov/pubmed/6146600,,,
116,3380803,http://www.ncbi.nlm.nih.gov/pubmed/3380803,,,
105,16622409,http://www.ncbi.nlm.nih.gov/pubmed/16622409,,,
715,17491595,http://www.ncbi.nlm.nih.gov/pubmed/17491595,,,
716,19593815,http://www.ncbi.nlm.nih.gov/pubmed/19593815,,,
717,22399295,http://www.ncbi.nlm.nih.gov/pubmed/22399295,,,
555,12825167,http://www.ncbi.nlm.nih.gov/pubmed/12825167,,,
552,15890909,http://www.ncbi.nlm.nih.gov/pubmed/15890909,,,
557,15890909,http://www.ncbi.nlm.nih.gov/pubmed/15890909,,,
557,12825167,http://www.ncbi.nlm.nih.gov/pubmed/12825167,,,
558,15890909,http://www.ncbi.nlm.nih.gov/pubmed/15890909,,,
558,12825167,http://www.ncbi.nlm.nih.gov/pubmed/12825167,,,
559,12825167,http://www.ncbi.nlm.nih.gov/pubmed/12825167,,,
565,15890909,http://www.ncbi.nlm.nih.gov/pubmed/15890909,,,
566,15890909,http://www.ncbi.nlm.nih.gov/pubmed/15890909,,,
567,15890909,http://www.ncbi.nlm.nih.gov/pubmed/15890909,,,
567,12825167,http://www.ncbi.nlm.nih.gov/pubmed/12825167,,,
568,15890909,http://www.ncbi.nlm.nih.gov/pubmed/15890909,,,
568,12825167,http://www.ncbi.nlm.nih.gov/pubmed/12825167,,,
553,15890909,http://www.ncbi.nlm.nih.gov/pubmed/15890909,,,
554,12825167,http://www.ncbi.nlm.nih.gov/pubmed/12825167,,,
556,15890909,http://www.ncbi.nlm.nih.gov/pubmed/15890909,,,
630,9261399,http://www.ncbi.nlm.nih.gov/pubmed/9261399,,,
636,2168971,http://www.ncbi.nlm.nih.gov/pubmed/2168971,,,
636,11160731,http://www.ncbi.nlm.nih.gov/pubmed/11160731,,,
754,25048706,http://www.ncbi.nlm.nih.gov/pubmed/25048706,,,
754,25048705,http://www.ncbi.nlm.nih.gov/pubmed/25048705,,,
750,22504179,http://www.ncbi.nlm.nih.gov/pubmed/22504179,,,
631,11160731,http://www.ncbi.nlm.nih.gov/pubmed/11160731,,,
641,11160731,http://www.ncbi.nlm.nih.gov/pubmed/11160731,,,
